sequence,locale,year_month,between_lease_and_lease_deposit_ratio,lease_to_sale_ratio,monthly_rent_rate_of_return,average_lease_on_deposit_price,average_lease_on_deposit_price_per_unit,midian_lease_on_deposit_price,midian_lease_on_deposit_price_per_unit,average_monthly_rent_deposit,average_monthly_rent_price,midian_average_monthly_rent_deposit,midian_average_monthly_rent_price,average_sale_price,average_price_per_unit,midian_average_sale_price,midian_average_price_per_unit
1,nationwide,2020-07,7.95,83.54,4.75,163525,4370,156386,4266,13107,661,10705,634,203454,5272,190155,4997
2,metropolitan,2020-07,7.46,84.31,4.61,175996,4797,167524,4682,13656,698,11247,668,217040,5751,202398,5434
3,province,2020-07,9.96,80.33,5.35,111980,2603,110353,2545,10837,507,8466,492,147304,3295,139555,3191
4,seoul,2020-07,7.1,82.8,4.33,199524,6033,190788,6025,15250,777,12876,744,251315,7342,235222,7064
5,seoul-downtown,2020-07,6.13,79.55,4.18,235665,6405,223768,6221,13906,946,13701,919,310153,8155,307248,7901
6,seoul-northeastern,2020-07,8,82.64,4.95,136655,4778,135819,4462,11135,612,11519,608,166160,5751,162059,5416
7,seoul-northwestern,2020-07,6.73,83.75,4.46,187934,6434,180747,6370,11923,768,11474,710,233877,7629,207423,7353
8,seoul-southwestern,2020-07,8.01,85.62,4.33,189461,5827,182424,6015,18688,695,13675,670,233015,6841,216063,6744
9,seoul-southeastern,2020-07,5.89,79.71,3.99,238402,6637,223680,6606,14693,921,12859,869,307776,8424,287112,7919
10,busan,2020-07,10.88,79.26,5.23,119095,2713,117286,2634,12155,533,9058,511,160715,3494,150766,3371
11,daegu,2020-07,8.35,80.93,4.96,108622,2864,106770,2834,8641,493,7107,486,134276,3537,128703,3477
12,incheon,2020-07,9.1,85.86,5.11,126152,2687,124394,2483,11520,542,11199,541,147047,3112,142783,2886
13,gwangju,2020-07,7.48,83.24,6.25,78848,1942,79245,1911,7020,414,6367,415,96035,2337,92105,2211
14,daejeon,2020-07,9.94,84.83,6.88,89552,1908,86096,1839,9211,459,8829,462,109427,2253,103369,2159
15,ulsan,2020-07,7.82,77.55,4.15,120660,2525,120989,2591,9718,467,7983,464,157671,3250,160227,3248
16,sejong,2020-07,4.75,90.88,5.45,87449,3252,87063,3256,4198,413,4198,409,96372,3581,94656,3587
17,gyeonggi,2020-07,7.31,85.55,4.76,165818,4087,155330,3879,12537,659,9364,624,201307,4809,184764,4416
18,nationwide,2020-08,7.93,83.62,4.75,163768,4376,156762,4273,13101,661,10705,635,203677,5275,190471,5001
19,metropolitan,2020-08,7.44,84.4,4.61,176294,4805,167927,4690,13649,698,11247,670,217289,5755,202578,5439
20,province,2020-08,9.97,80.43,5.35,111998,2603,110617,2547,10837,507,8466,492,147416,3292,140430,3190
21,seoul,2020-08,7.09,82.86,4.33,199806,6041,191024,6034,15255,778,12876,744,251560,7347,235548,7075
22,seoul-downtown,2020-08,6.13,79.6,4.18,236063,6414,223807,6222,13906,946,13701,919,310413,8162,307313,7901
23,seoul-northeastern,2020-08,7.99,82.73,4.95,136808,4783,135819,4492,11135,612,11519,608,166187,5749,161870,5428
24,seoul-northwestern,2020-08,6.73,83.88,4.46,188250,6444,181578,6383,11923,769,11474,710,233941,7627,207490,7355
25,seoul-southwestern,2020-08,7.99,85.71,4.33,189771,5838,182753,6025,18683,695,13675,670,233303,6847,216915,6747
26,seoul-southeastern,2020-08,5.89,79.69,3.99,238655,6644,223699,6607,14715,921,12859,869,308153,8435,287196,7949
27,busan,2020-08,10.88,79.36,5.23,119094,2712,117658,2635,12155,533,9058,511,160919,3491,152011,3372
28,daegu,2020-08,8.35,81,4.96,108637,2864,106770,2834,8641,493,7107,485,134188,3535,129042,3467
29,incheon,2020-08,9.1,85.93,5.11,126252,2688,124394,2482,11520,542,11199,541,146982,3110,142783,2884
30,gwangju,2020-08,7.44,83.23,6.25,78823,1942,79245,1911,6997,414,6367,415,96011,2336,92105,2205
31,daejeon,2020-08,9.94,84.99,6.9,89656,1909,86358,1840,9201,459,8829,462,109446,2251,103703,2158
32,ulsan,2020-08,7.91,77.75,4.16,120684,2524,120989,2614,9751,467,7983,464,157330,3241,160227,3248
33,sejong,2020-08,4.72,90.91,5.42,87878,3271,87063,3256,4198,413,4198,409,96929,3599,94656,3587
34,gyeonggi,2020-08,7.28,85.66,4.76,166204,4096,156067,3888,12513,660,9364,628,201670,4813,184837,4417
35,nationwide,2020-09,7.92,83.78,4.76,164087,4383,156754,4280,13103,661,10705,635,203788,5275,190652,5003
36,metropolitan,2020-09,7.43,84.56,4.61,176681,4814,167898,4699,13652,699,11247,670,217452,5755,202822,5444
37,province,2020-09,9.97,80.55,5.36,112035,2603,110698,2547,10837,507,8466,492,147313,3288,140350,3182
38,seoul,2020-09,7.07,82.99,4.33,200093,6051,191097,6051,15262,778,12876,744,251667,7348,235658,7069
39,seoul-downtown,2020-09,6.12,79.71,4.18,236364,6423,224161,6230,13906,946,13701,919,310497,8164,307446,7901
40,seoul-northeastern,2020-09,7.96,82.95,4.94,137311,4802,135819,4492,11135,612,11519,608,166371,5756,161870,5428
41,seoul-northwestern,2020-09,6.72,83.99,4.47,188354,6446,181578,6459,11923,769,11474,710,233888,7623,207490,7356
42,seoul-southwestern,2020-09,7.96,85.88,4.33,190186,5852,182800,6030,18675,696,13675,670,233507,6849,216978,6752
43,seoul-southeastern,2020-09,5.89,79.72,3.99,238740,6646,223782,6624,14752,921,12859,869,308169,8433,287471,7921
44,busan,2020-09,10.89,79.51,5.25,119115,2712,117780,2635,12155,533,9058,511,160802,3485,152011,3358
45,daegu,2020-09,8.35,81.09,4.96,108713,2865,106770,2835,8641,493,7107,485,134075,3532,129381,3468
46,incheon,2020-09,9.1,86.12,5.12,126454,2692,123935,2485,11524,542,11199,541,146936,3106,143178,2884
47,gwangju,2020-09,7.44,83.21,6.24,78761,1940,79245,1911,6993,413,6367,407,95940,2334,91381,2205
48,daejeon,2020-09,9.94,85.1,6.9,89696,1910,86358,1840,9201,459,8829,462,109387,2250,103400,2156
49,ulsan,2020-09,7.9,78,4.17,120847,2527,120989,2615,9751,467,7983,464,157068,3236,159618,3248
50,sejong,2020-09,4.7,90.9,5.39,88206,3284,87091,3257,4198,413,4198,409,97500,3616,94713,3628
51,gyeonggi,2020-09,7.26,85.85,4.77,166771,4107,156067,3889,12511,661,9364,628,201970,4815,185185,4435
52,nationwide,2020-10,7.91,83.89,4.76,164429,4392,156901,4292,13126,662,10705,636,204034,5278,190653,5002
53,metropolitan,2020-10,7.4,84.68,4.61,177074,4824,168074,4712,13637,700,11247,671,217744,5760,202826,5443
54,province,2020-10,10.06,80.62,5.36,112164,2606,110721,2554,11018,506,8466,490,147369,3288,140342,3177
55,seoul,2020-10,7.06,83.1,4.33,200441,6061,191395,6062,15265,778,12876,744,251843,7352,235777,7070
56,seoul-downtown,2020-10,6.11,79.78,4.18,236623,6430,224678,6234,13906,945,13701,912,310689,8168,307512,7906
57,seoul-northeastern,2020-10,7.94,83.1,4.94,137674,4813,135924,4524,11136,612,11519,608,166497,5760,161916,5422
58,seoul-northwestern,2020-10,6.71,84.08,4.47,188529,6452,181578,6486,11923,769,11474,710,233902,7624,207557,7356
59,seoul-southwestern,2020-10,7.94,86.07,4.33,190705,5868,183423,6037,18683,696,13675,670,233659,6851,217040,6756
60,seoul-southeastern,2020-10,5.89,79.74,3.99,238958,6651,223801,6624,14752,921,12859,871,308475,8439,287747,7921
61,busan,2020-10,11.04,79.52,5.25,119155,2712,117780,2645,12433,531,9058,508,160883,3485,151944,3351
62,daegu,2020-10,8.33,81.27,4.96,109084,2875,106770,2835,8640,493,7107,486,134218,3534,130108,3475
63,incheon,2020-10,9.09,86.22,5.12,126620,2695,124075,2493,11528,541,11199,541,147040,3107,143483,2873
64,gwangju,2020-10,7.44,83.15,6.24,78749,1939,79245,1911,6993,413,6367,407,95973,2335,91381,2205
65,daejeon,2020-10,9.93,85.2,6.91,89726,1911,86358,1840,9201,459,8829,462,109363,2249,103283,2147
66,ulsan,2020-10,7.85,78.52,4.18,121750,2543,121354,2624,9751,468,7983,467,156865,3235,159099,3249
67,sejong,2020-10,4.69,91.04,5.39,88378,3291,87091,3257,4198,413,4198,409,97543,3618,94713,3633
68,gyeonggi,2020-10,7.2,85.98,4.77,167296,4118,156115,3907,12469,663,9364,631,202463,4822,184950,4436
69,nationwide,2020-11,7.9,84.08,4.76,164908,4400,156979,4295,13129,662,10705,636,204171,5276,191006,5009
70,metropolitan,2020-11,7.38,84.87,4.62,177590,4834,168110,4715,13637,700,11247,671,217846,5758,203184,5454
71,province,2020-11,10.06,80.78,5.37,112494,2607,110976,2558,11025,506,8466,490,147653,3285,140673,3167
72,seoul,2020-11,7.04,83.28,4.33,200867,6072,191757,6058,15259,778,12876,744,251812,7349,235796,7076
73,seoul-downtown,2020-11,6.11,79.85,4.18,236864,6437,225132,6249,13906,945,13701,912,310760,8169,307512,7891
74,seoul-northeastern,2020-11,7.93,83.25,4.94,138043,4826,136339,4554,11138,612,11519,608,166668,5766,161500,5423
75,seoul-northwestern,2020-11,6.7,84.27,4.47,188732,6461,181578,6487,11923,769,11474,710,233757,7615,208021,7356
76,seoul-southwestern,2020-11,7.92,86.25,4.33,191241,5881,183888,6004,18667,696,13675,670,233755,6849,217088,6783
77,seoul-southeastern,2020-11,5.88,79.96,4,239430,6661,224134,6635,14752,921,12859,871,308188,8430,287747,7909
78,busan,2020-11,11.04,79.6,5.25,119451,2711,117969,2650,12433,531,9058,508,161304,3482,152567,3337
79,daegu,2020-11,8.32,81.75,4.98,109485,2885,107158,2836,8641,494,7107,486,133989,3524,129529,3466
80,incheon,2020-11,9.08,86.61,5.13,127080,2704,124521,2515,11531,542,11199,541,147001,3102,144171,2871
81,gwangju,2020-11,7.46,83.2,6.24,78825,1941,79413,1913,7012,413,6367,407,96002,2336,91437,2206
82,daejeon,2020-11,9.91,85.36,6.92,90242,1918,86931,1848,9201,459,8829,464,109983,2255,103263,2141
83,ulsan,2020-11,7.95,79.04,4.2,122425,2552,121815,2631,9849,469,7983,467,156559,3227,158875,3250
84,sejong,2020-11,4.68,91.18,5.39,88506,3297,87091,3257,4198,413,4198,409,97543,3618,94713,3633
85,gyeonggi,2020-11,7.18,86.13,4.78,167935,4129,155629,3910,12476,664,9364,631,202768,4824,185590,4457
86,nationwide,2020-12,7.89,84.26,4.77,165411,4412,157374,4299,13136,663,10710,636,204507,5279,190889,5011
87,metropolitan,2020-12,7.36,85.07,4.62,178154,4848,168546,4722,13641,701,11247,671,218157,5762,203103,5461
88,province,2020-12,10.07,80.93,5.37,112747,2611,111201,2554,11047,506,8490,491,148088,3285,140410,3154
89,seoul,2020-12,7.03,83.44,4.33,201313,6084,192475,6070,15274,778,12876,743,251955,7350,235852,7085
90,seoul-downtown,2020-12,6.1,79.96,4.18,237218,6446,225801,6252,13906,945,13701,912,310778,8169,306110,7891
91,seoul-northeastern,2020-12,7.91,83.39,4.94,138367,4836,136540,4560,11147,612,11519,608,166813,5769,161545,5424
92,seoul-northwestern,2020-12,6.69,84.48,4.48,189040,6475,181578,6519,11931,769,11474,710,233774,7614,207764,7358
93,seoul-southwestern,2020-12,7.91,86.48,4.33,191926,5899,185427,6007,18700,696,13675,667,234046,6853,217457,6807
94,seoul-southeastern,2020-12,5.87,80.04,4,239711,6667,224356,6654,14752,922,12859,872,308230,8428,288023,7909
95,busan,2020-12,11.03,79.71,5.25,119665,2713,118092,2641,12433,531,9058,508,161911,3483,152233,3322
96,daegu,2020-12,8.29,81.91,4.98,109898,2896,107968,2839,8641,495,7107,490,134246,3528,129343,3455
97,incheon,2020-12,9.06,86.89,5.14,127506,2710,124629,2522,11534,542,11199,543,147009,3097,144108,2877
98,gwangju,2020-12,7.53,83.33,6.24,78918,1944,79413,1914,7048,413,6367,407,96022,2335,91437,2206
99,daejeon,2020-12,9.86,85.57,6.93,90761,1925,87122,1853,9258,460,9116,467,110512,2258,103057,2142
100,ulsan,2020-12,8.12,79.38,4.2,122654,2553,122468,2627,10073,468,7983,468,156124,3214,158739,3223
101,sejong,2020-12,4.68,91.63,5.41,88706,3303,87119,3257,4198,413,4198,409,97200,3606,94713,3611
102,gyeonggi,2020-12,7.15,86.34,4.78,168683,4146,155850,3911,12468,666,9364,632,203380,4833,185343,4461
103,nationwide,2021-01,7.86,84.44,4.77,165916,4424,157571,4308,13148,664,10707,637,204880,5283,190848,5012
104,metropolitan,2021-01,7.34,85.24,4.62,178730,4862,168664,4732,13662,702,11247,672,218613,5767,203147,5460
105,province,2021-01,10.04,81.11,5.38,112955,2615,111725,2555,11025,506,8475,492,148125,3284,140018,3161
106,seoul,2021-01,7.02,83.6,4.33,201796,6100,192534,6088,15310,779,12876,743,252213,7354,236361,7081
107,seoul-downtown,2021-01,6.12,80.01,4.17,237618,6458,225901,6270,13952,945,13701,912,311209,8180,306236,7884
108,seoul-northeastern,2021-01,7.87,83.57,4.93,138858,4854,137029,4560,11147,613,11519,609,167086,5777,163240,5425
109,seoul-northwestern,2021-01,6.67,84.69,4.49,189457,6492,181657,6540,11931,771,11474,710,233733,7611,207791,7312
110,seoul-southwestern,2021-01,7.88,86.72,4.33,192619,5920,185349,6010,18788,696,13675,668,234301,6857,217691,6812
111,seoul-southeastern,2021-01,5.87,80.08,4,239962,6674,224356,6698,14752,922,12859,872,308567,8432,288657,7911
112,busan,2021-01,11.02,79.86,5.26,119827,2715,118805,2642,12433,531,9058,510,161964,3481,151721,3337
113,daegu,2021-01,8.24,82.26,4.99,110169,2905,108356,2841,8629,495,7107,493,134205,3523,129189,3438
114,incheon,2021-01,9.1,87.04,5.14,127665,2716,124845,2533,11617,541,11199,542,147044,3097,144484,2878
115,gwangju,2021-01,7.44,83.17,6.23,78954,1947,79245,1912,6985,414,6086,406,96030,2340,91099,2196
116,daejeon,2021-01,9.92,85.97,6.95,91254,1934,87338,1855,9296,461,9116,468,110833,2260,102895,2144
117,ulsan,2021-01,7.82,79.73,4.22,123036,2560,122648,2627,9774,470,8074,468,155892,3209,158807,3223
118,sejong,2021-01,4.67,92.08,5.42,88949,3310,87148,3261,4198,414,4198,410,96914,3595,94298,3584
119,gyeonggi,2021-01,7.11,86.53,4.78,169513,4162,156002,3912,12448,667,9364,633,204211,4842,184729,4464
120,nationwide,2021-02,7.89,84.56,4.77,166409,4435,158150,4313,13203,664,10707,637,205503,5290,191125,5017
121,metropolitan,2021-02,7.37,85.36,4.62,179294,4875,169296,4738,13729,703,11247,672,219302,5775,203393,5467
122,province,2021-02,10.03,81.21,5.39,113155,2619,112084,2558,11032,507,8475,493,148470,3287,140418,3158
123,seoul,2021-02,7.02,83.7,4.33,202234,6113,193679,6101,15362,779,12876,744,252625,7360,236615,7095
124,seoul-downtown,2021-02,6.11,80,4.17,237769,6463,226356,6270,13952,945,13701,913,311550,8188,306337,7887
125,seoul-northeastern,2021-02,7.89,83.72,4.92,139290,4870,137258,4594,11180,613,11519,609,167330,5786,163188,5429
126,seoul-northwestern,2021-02,6.68,85.05,4.51,189701,6499,181657,6515,11936,771,11474,710,233498,7587,207898,7314
127,seoul-southwestern,2021-02,7.9,86.82,4.32,193146,5936,185894,6031,18913,696,13675,668,234825,6866,218266,6818
128,seoul-southeastern,2021-02,5.85,80.09,4,240471,6686,227552,6715,14752,924,12859,873,309237,8447,288752,7951
129,busan,2021-02,11.02,79.91,5.26,119995,2718,119257,2645,12433,531,9058,510,162446,3486,152514,3336
130,daegu,2021-02,8.22,82.63,5.01,110723,2920,108575,2848,8629,497,7107,495,134308,3525,128042,3425
131,incheon,2021-02,9.37,87.33,5.15,128119,2725,125429,2527,11932,541,11199,541,147045,3094,144692,2871
132,gwangju,2021-02,7.46,83.23,6.23,78956,1948,79676,1920,6996,414,6058,406,95989,2340,91531,2198
133,daejeon,2021-02,9.91,86.08,6.97,91342,1935,87338,1855,9296,461,9116,468,111181,2263,102688,2145
134,ulsan,2021-02,7.87,79.96,4.24,123336,2565,122806,2633,9860,471,8096,472,155797,3206,158694,3215
135,sejong,2021-02,4.66,92.27,5.44,89163,3317,87148,3273,4198,414,4198,410,96914,3595,94298,3584
136,gyeonggi,2021-02,7.09,86.62,4.79,170261,4176,156053,3914,12447,669,9364,634,205462,4855,184980,4467
137,nationwide,2021-03,7.92,84.58,4.77,166749,4442,158447,4316,13282,665,10711,637,206161,5299,191108,5018
138,metropolitan,2021-03,7.41,85.36,4.62,179670,4883,169614,4741,13819,703,11247,672,220073,5786,203396,5471
139,province,2021-03,10.07,81.33,5.4,113349,2621,112292,2560,11064,507,8499,493,148664,3285,140323,3148
140,seoul,2021-03,7.01,83.77,4.33,202519,6121,193883,6104,15381,779,12876,744,252853,7364,236762,7105
141,seoul-downtown,2021-03,6.11,80.05,4.17,237970,6469,226801,6280,13952,945,13701,913,311684,8191,306337,7889
142,seoul-northeastern,2021-03,7.88,83.83,4.92,139578,4880,137258,4594,11180,613,11519,609,167434,5788,163234,5429
143,seoul-northwestern,2021-03,6.67,85.04,4.5,189906,6507,181684,6516,11944,771,11474,710,233681,7595,208362,7329
144,seoul-southwestern,2021-03,7.89,86.94,4.32,193584,5947,186353,6034,18958,697,13675,668,235156,6870,218486,6837
145,seoul-southeastern,2021-03,5.86,80.1,4,240612,6691,227515,6715,14760,925,12859,874,309442,8451,288752,7955
146,busan,2021-03,11.02,80,5.27,120120,2718,119427,2645,12439,531,9058,510,162681,3483,152209,3317
147,daegu,2021-03,8.19,82.88,5.03,111116,2930,108848,2853,8629,499,7107,495,134416,3527,128654,3425
148,incheon,2021-03,9.51,87.26,5.16,128280,2727,125460,2530,12338,540,11199,541,147396,3099,145366,2866
149,gwangju,2021-03,7.44,83.25,6.23,78982,1949,79626,1920,7001,414,6058,406,96000,2341,91480,2197
150,daejeon,2021-03,10.41,86.16,6.96,91692,1939,87683,1851,9619,459,9402,465,111494,2266,102917,2141
151,ulsan,2021-03,7.83,80.32,4.26,123886,2575,123460,2641,9860,473,8096,475,155765,3203,159054,3240
152,sejong,2021-03,4.65,92.32,5.43,89335,3323,87148,3305,4198,414,4198,410,97085,3600,94298,3612
153,gyeonggi,2021-03,7.13,86.57,4.78,170819,4186,156603,3918,12510,670,9364,634,207011,4876,184581,4467
154,nationwide,2021-04,7.86,84.61,4.77,167031,4448,158599,4320,13267,665,10712,639,206548,5304,191236,5011
155,metropolitan,2021-04,7.36,85.38,4.62,179982,4890,169771,4745,13870,703,11247,675,220494,5792,203539,5461
156,province,2021-04,9.91,81.39,5.39,113502,2623,112422,2562,10776,508,8499,493,148906,3286,140389,3150
157,seoul,2021-04,7.04,83.83,4.32,202731,6129,194038,6107,15639,778,12877,745,253064,7368,236932,7120
158,seoul-downtown,2021-04,6.1,80.1,4.17,238165,6475,227002,6280,13952,945,13701,913,311839,8195,306369,7893
159,seoul-northeastern,2021-04,7.86,83.95,4.92,139825,4889,137738,4594,11181,613,11526,609,167528,5791,163280,5445
160,seoul-northwestern,2021-04,6.68,85.04,4.5,189931,6508,181803,6401,11944,770,11474,711,233616,7592,208508,7376
161,seoul-southwestern,2021-04,7.97,87.05,4.32,193868,5956,186442,6081,19654,694,13675,669,235369,6871,218809,6839
162,seoul-southeastern,2021-04,5.85,80.11,4,240803,6699,227598,6717,14760,925,12859,878,309857,8461,288835,7973
163,busan,2021-04,10.77,80.03,5.26,120203,2718,119568,2648,11997,532,9058,510,162951,3484,152275,3318
164,daegu,2021-04,8.18,82.98,5.03,111340,2936,108613,2860,8629,499,7107,495,134533,3529,128249,3427
165,incheon,2021-04,9.28,87.08,5.16,128518,2728,125784,2527,11938,543,11199,543,147955,3107,145460,2859
166,gwangju,2021-04,7.43,83.26,6.22,79033,1951,79626,1920,7001,414,6058,406,96042,2342,91480,2197
167,daejeon,2021-04,10.41,86.19,6.95,92115,1943,87933,1856,9619,461,9402,467,112076,2271,103266,2148
168,ulsan,2021-04,7.81,80.66,4.27,124420,2581,124137,2624,9862,474,8096,477,155744,3196,159626,3240
169,sejong,2021-04,4.64,92.29,5.42,89421,3327,87148,3323,4198,414,4198,410,97257,3605,94298,3634
170,gyeonggi,2021-04,7.07,86.6,4.78,171274,4194,156705,3926,12477,671,9364,638,207631,4883,184710,4427
171,nationwide,2021-05,7.83,84.6,4.77,167264,4452,158777,4325,13257,665,10746,640,207040,5309,191322,5015
172,metropolitan,2021-05,7.34,85.37,4.62,180228,4894,169984,4748,13857,703,11290,676,221058,5798,203652,5466
173,province,2021-05,9.89,81.44,5.39,113685,2626,112459,2576,10773,508,8499,494,149104,3288,140358,3152
174,seoul,2021-05,7.04,83.92,4.33,202852,6130,194292,6105,15642,779,12877,745,253190,7364,236836,7133
175,seoul-downtown,2021-05,6.1,80.18,4.16,238542,6486,227710,6280,13952,944,13701,913,312135,8203,307291,7893
176,seoul-northeastern,2021-05,7.86,83.99,4.91,139982,4894,137692,4621,11182,613,11526,609,167631,5793,163234,5466
177,seoul-northwestern,2021-05,6.69,85.27,4.52,189703,6494,182001,6351,11944,771,11474,711,233088,7560,207625,7394
178,seoul-southwestern,2021-05,7.96,87.15,4.32,194045,5959,186899,6082,19662,694,13675,669,235598,6867,218429,6859
179,seoul-southeastern,2021-05,5.85,80.13,4,240905,6703,227598,6719,14760,925,12859,879,310102,8465,289123,7977
180,busan,2021-05,10.76,80.05,5.26,120357,2720,119516,2671,11993,532,9058,510,163203,3487,152275,3321
181,daegu,2021-05,8.17,83.09,5.04,111587,2941,108815,2858,8629,501,7107,498,134695,3532,128265,3426
182,incheon,2021-05,9.31,86.85,5.15,128787,2732,125890,2540,12006,543,11513,542,148639,3122,146165,2853
183,gwangju,2021-05,7.44,83.22,6.21,79095,1952,79626,1920,7006,414,6058,406,96151,2345,91480,2191
184,daejeon,2021-05,10.37,86.16,6.94,92368,1946,88003,1864,9632,461,9402,468,112381,2276,103269,2154
185,ulsan,2021-05,7.78,81.17,4.28,124906,2591,124814,2613,9850,475,8096,479,155469,3187,159108,3240
186,sejong,2021-05,4.64,92.29,5.42,89421,3327,87148,3323,4198,414,4198,410,97257,3605,94298,3634
187,gyeonggi,2021-05,7,86.54,4.78,171657,4201,156907,3931,12418,671,9364,640,208662,4897,184863,4426
188,nationwide,2021-06,7.8,84.63,4.76,167726,4461,159152,4333,13239,666,10749,641,207761,5318,191731,5036
189,metropolitan,2021-06,7.29,85.38,4.61,180742,4905,170407,4757,13834,704,11290,677,221823,5809,204080,5493
190,province,2021-06,9.87,81.51,5.39,113932,2629,112636,2580,10782,508,8514,494,149642,3291,140691,3148
191,seoul,2021-06,7.02,83.94,4.33,203149,6137,194614,6096,15625,779,12877,746,253548,7369,237181,7145
192,seoul-downtown,2021-06,6.01,80.3,4.17,239121,6502,228063,6281,13816,946,13701,913,312590,8212,307469,7885
193,seoul-northeastern,2021-06,7.84,83.99,4.91,140175,4899,138569,4651,11182,613,11526,609,167839,5798,163728,5477
194,seoul-northwestern,2021-06,6.7,85.28,4.53,189524,6485,182306,6347,11944,771,11474,711,232849,7548,207827,7397
195,seoul-southwestern,2021-06,7.95,87.15,4.32,194391,5966,187086,6041,19653,694,13675,669,236135,6873,219000,6887
196,seoul-southeastern,2021-06,5.83,80.18,4,241318,6716,227819,6725,14756,926,12859,879,310543,8475,289206,7977
197,busan,2021-06,10.75,80.09,5.26,120482,2721,119516,2670,11993,532,9058,510,163805,3488,152557,3311
198,daegu,2021-06,8.16,83.17,5.04,111775,2945,109258,2860,8629,501,7107,498,134788,3532,128265,3426
199,incheon,2021-06,9.26,86.83,5.13,129498,2749,126507,2540,12006,544,11513,542,149551,3141,146412,2875
200,gwangju,2021-06,7.44,83.21,6.2,79165,1954,79626,1920,7020,413,6058,406,96287,2349,91537,2191
201,daejeon,2021-06,10.39,86.15,6.94,93352,1959,89090,1896,9880,464,9574,472,113784,2293,104994,2186
202,ulsan,2021-06,7.53,81.66,4.29,125770,2607,125400,2618,9636,477,8096,479,155594,3187,159108,3240
203,sejong,2021-06,4.64,92.36,5.42,89485,3329,87148,3331,4198,414,4198,410,97257,3605,94298,3634
204,gyeonggi,2021-06,6.93,86.56,4.77,172354,4214,157381,3964,12379,673,9364,643,209852,4913,185451,4472
205,nationwide,2021-07,7.78,84.63,4.76,168168,4471,159361,4346,13233,667,10797,642,208505,5328,192059,5060
206,metropolitan,2021-07,7.26,85.38,4.61,181205,4916,170589,4772,13817,705,11349,677,222599,5820,204287,5522
207,province,2021-07,9.88,81.54,5.39,114285,2631,112952,2583,10815,509,8514,496,150258,3294,141520,3154
208,seoul,2021-07,7,83.99,4.32,203542,6150,194660,6115,15625,780,12877,746,254081,7380,237659,7169
209,seoul-downtown,2021-07,6,80.44,4.17,239860,6524,228469,6281,13816,948,13701,914,313244,8226,307886,7932
210,seoul-northeastern,2021-07,7.82,84.04,4.9,140481,4911,138633,4690,11182,613,11526,609,168148,5808,163695,5505
211,seoul-northwestern,2021-07,6.69,85.32,4.52,189811,6495,182306,6365,11944,771,11474,711,233122,7555,208188,7397
212,seoul-southwestern,2021-07,7.93,87.25,4.31,194818,5980,187086,6072,19653,694,13675,669,236741,6881,219794,6893
213,seoul-southeastern,2021-07,5.83,80.11,4,241641,6723,227819,6727,14756,927,12859,880,311170,8489,289594,8029
214,busan,2021-07,10.75,80.09,5.27,120865,2721,120003,2675,11995,533,9058,513,164675,3491,153865,3318
215,daegu,2021-07,8.14,83.33,5.05,111978,2950,109427,2860,8629,502,7107,499,134764,3531,128095,3437
216,incheon,2021-07,9.33,86.54,5.11,129817,2754,126507,2517,12078,545,11513,538,150401,3156,147877,2893
217,gwangju,2021-07,7.44,83.34,6.21,79394,1959,79682,1928,7048,414,6058,406,96470,2350,91743,2200
218,daejeon,2021-07,10.38,86.07,6.93,93474,1961,88767,1889,9889,464,9574,474,114048,2298,104970,2186
219,ulsan,2021-07,7.76,81.97,4.3,126589,2618,125468,2619,10087,477,8096,479,155810,3190,158838,3240
220,sejong,2021-07,4.63,92.37,5.41,89614,3334,87148,3331,4198,414,4198,410,97385,3610,94298,3634
221,gyeonggi,2021-07,6.85,86.6,4.76,172949,4225,157784,3987,12312,674,9511,644,210884,4925,184904,4511
222,nationwide,2021-08,7.72,84.65,4.75,169075,4487,160078,4359,13519,668,10797,640,210144,5351,193134,5081
223,metropolitan,2021-08,7.2,85.41,4.6,182202,4935,171384,4787,14169,706,11349,675,224282,5845,205461,5543
224,province,2021-08,9.88,81.52,5.39,114822,2637,113351,2588,10833,509,8514,496,151713,3307,142187,3173
225,seoul,2021-08,6.98,84.07,4.31,204290,6169,195498,6128,15624,780,12877,747,255213,7400,239157,7207
226,seoul-downtown,2021-08,5.98,80.69,4.18,240837,6545,229525,6281,13816,951,13701,916,313852,8231,308171,7933
227,seoul-northeastern,2021-08,7.8,84.13,4.9,140719,4920,138633,4691,11182,613,11526,609,168367,5811,164559,5486
228,seoul-northwestern,2021-08,6.69,85.36,4.52,190037,6502,182409,6370,11944,771,11474,711,233345,7558,208359,7398
229,seoul-southwestern,2021-08,7.89,87.29,4.3,195767,6006,188061,6097,19651,695,13675,669,238467,6911,221557,6961
230,seoul-southeastern,2021-08,5.81,80.2,3.99,242543,6746,229166,6738,14756,927,12859,881,312563,8516,292087,8083
231,busan,2021-08,10.74,79.98,5.26,121484,2726,120478,2678,11995,533,9058,513,166779,3510,154836,3344
232,daegu,2021-08,8.13,83.57,5.06,112255,2958,109547,2860,8629,502,7107,499,134779,3530,128161,3438
233,incheon,2021-08,8.2,86.69,5.12,131357,2782,127678,2535,11203,552,11513,551,152181,3185,149357,2932
234,gwangju,2021-08,7.43,83.4,6.21,79551,1960,80170,1937,7048,414,6058,409,96609,2349,91794,2196
235,daejeon,2021-08,10.35,86,6.91,93919,1968,89320,1895,9889,464,9574,474,114598,2307,105370,2197
236,ulsan,2021-08,7.9,82.38,4.31,127429,2632,125380,2643,10371,477,8096,479,156218,3192,158683,3258
237,sejong,2021-08,4.63,92.38,5.41,89714,3337,87148,3346,4198,414,4198,410,97485,3613,94298,3641
238,gyeonggi,2021-08,7.1,86.54,4.76,174049,4241,158398,4002,13500,673,9511,634,213176,4954,185595,4506
239,nationwide,2021-09,7.7,84.62,4.75,169967,4504,160697,4371,13426,670,10800,645,211740,5376,193853,5117
240,metropolitan,2021-09,7.17,85.37,4.59,183236,4955,172028,4799,14049,709,11349,681,226150,5875,206322,5589
241,province,2021-09,9.89,81.54,5.39,115130,2640,113868,2599,10853,509,8532,497,152183,3311,142320,3170
242,seoul,2021-09,6.97,83.98,4.3,204887,6182,195919,6138,15634,781,12877,747,256606,7425,240777,7239
243,seoul-downtown,2021-09,5.97,80.66,4.18,241695,6560,230794,6286,13816,953,13701,916,315242,8255,308689,7945
244,seoul-northeastern,2021-09,7.79,84.21,4.9,141010,4929,139464,4692,11182,613,11526,609,168839,5817,165264,5474
245,seoul-northwestern,2021-09,6.68,85.37,4.52,190258,6504,182409,6370,11944,771,11474,711,233749,7561,208359,7397
246,seoul-southwestern,2021-09,7.86,87.15,4.28,196563,6024,188947,6102,19625,696,13675,669,240538,6947,223957,6998
247,seoul-southeastern,2021-09,5.81,80.04,3.98,243112,6755,228656,6764,14828,928,12859,883,313970,8549,294244,8152
248,busan,2021-09,10.75,79.95,5.26,121811,2729,121130,2691,12007,533,9058,514,167351,3515,155110,3340
249,daegu,2021-09,8.11,83.71,5.06,112499,2965,109716,2872,8629,502,7107,500,134880,3531,127822,3434
250,incheon,2021-09,8.17,86.47,5.09,132661,2806,129318,2550,11227,555,11513,553,154242,3220,148453,2965
251,gwangju,2021-09,7.41,83.53,6.22,79771,1964,80245,1941,7061,415,6030,410,96860,2349,91944,2197
252,daejeon,2021-09,10.35,85.85,6.9,93991,1969,89320,1895,9889,465,9574,475,115123,2314,105727,2202
253,ulsan,2021-09,7.97,82.65,4.31,128095,2642,126313,2661,10553,477,8412,479,156524,3191,157816,3252
254,sejong,2021-09,4.61,92.48,5.4,89971,3348,87619,3354,4198,414,4198,410,97657,3620,94534,3641
255,gyeonggi,2021-09,7.06,86.6,4.75,175498,4269,158957,4017,13177,678,9511,648,215532,4988,186182,4573
256,nationwide,2021-10,7.71,84.58,4.74,170660,4518,161321,4376,13578,670,10800,643,213128,5398,194292,5128
257,metropolitan,2021-10,7.19,85.31,4.58,184033,4971,172660,4805,14234,709,11349,678,227712,5901,206564,5600
258,province,2021-10,9.89,81.52,5.39,115388,2644,114457,2603,10866,510,8532,497,152854,3318,143574,3178
259,seoul,2021-10,6.95,83.96,4.29,205598,6199,196773,6142,15634,781,12877,747,257958,7450,241691,7260
260,seoul-downtown,2021-10,5.94,80.75,4.18,242885,6589,231536,6295,13816,955,13701,917,316742,8284,310129,7953
261,seoul-northeastern,2021-10,7.77,84.21,4.89,141356,4936,139575,4694,11182,613,11526,609,169405,5827,165570,5475
262,seoul-northwestern,2021-10,6.68,85.37,4.52,190332,6505,182490,6374,11939,772,11474,711,233882,7563,208412,7399
263,seoul-southwestern,2021-10,7.83,87.14,4.26,197438,6047,189133,6110,19626,696,13675,669,242342,6977,224607,7012
264,seoul-southeastern,2021-10,5.8,79.96,3.97,243922,6774,231195,6764,14828,928,12859,884,315631,8584,296050,8208
265,busan,2021-10,10.74,79.89,5.26,122083,2732,121953,2695,12012,533,9058,514,168227,3524,156880,3352
266,daegu,2021-10,8.11,83.87,5.07,112660,2969,109716,2873,8629,503,7107,500,134845,3530,127992,3431
267,incheon,2021-10,8.12,86.41,5.06,133749,2825,130947,2569,11227,556,11513,553,155671,3246,149464,2986
268,gwangju,2021-10,7.44,83.55,6.21,79971,1967,80514,1944,7121,415,6030,411,97217,2353,92470,2194
269,daejeon,2021-10,10.34,85.76,6.88,94140,1972,89471,1895,9889,465,9574,471,115688,2322,106128,2212
270,ulsan,2021-10,7.98,82.84,4.31,128621,2650,126651,2668,10627,477,8412,479,156977,3192,158003,3258
271,sejong,2021-10,4.61,92.52,5.4,90099,3351,87619,3382,4198,415,4198,410,97743,3623,94534,3641
272,gyeonggi,2021-10,7.15,86.51,4.74,176296,4283,158986,4021,13643,678,9511,640,217383,5014,185375,4568
273,nationwide,2021-11,7.64,84.52,4.73,171489,4535,162112,4390,13507,672,10800,648,214895,5426,195788,5151
274,metropolitan,2021-11,7.1,85.24,4.57,184984,4991,173615,4820,14144,712,11349,684,229722,5935,208210,5625
275,province,2021-11,9.88,81.56,5.39,115714,2648,114570,2612,10877,510,8532,498,153613,3323,144451,3188
276,seoul,2021-11,6.94,83.9,4.28,206394,6219,197386,6149,15773,781,12877,748,259593,7482,243131,7280
277,seoul-downtown,2021-11,5.93,80.83,4.17,243990,6614,232268,6297,13816,956,13701,917,318053,8310,310390,7941
278,seoul-northeastern,2021-11,7.74,84.25,4.87,141978,4955,140264,4699,11182,614,11526,609,170101,5845,165739,5490
279,seoul-northwestern,2021-11,6.67,85.42,4.52,190843,6517,182901,6380,11939,772,11474,711,234612,7574,208850,7409
280,seoul-southwestern,2021-11,7.85,87.03,4.25,198238,6064,189478,6112,20001,695,13675,670,244192,7008,226717,7027
281,seoul-southeastern,2021-11,5.77,79.81,3.95,244831,6800,232187,6780,14828,929,12859,884,317981,8638,298095,8252
282,busan,2021-11,10.74,79.89,5.26,122453,2735,121953,2709,12013,534,9058,515,169250,3532,158125,3364
283,daegu,2021-11,8.09,84,5.07,112774,2972,109819,2866,8629,503,7107,500,134818,3528,127992,3431
284,incheon,2021-11,8.08,86.41,5.05,134839,2843,131866,2598,11227,558,11513,553,156984,3267,150027,3014
285,gwangju,2021-11,7.47,83.53,6.2,80177,1970,81139,1954,7135,416,6030,413,97571,2357,93039,2199
286,daejeon,2021-11,10.35,85.74,6.88,94326,1975,89623,1896,10003,465,9574,471,116234,2329,106472,2228
287,ulsan,2021-11,7.94,83.15,4.31,129228,2660,127328,2669,10627,477,8412,479,157340,3192,157926,3258
288,sejong,2021-11,4.6,92.67,5.4,90285,3359,87619,3382,4198,415,4198,410,97800,3624,94534,3641
289,gyeonggi,2021-11,6.94,86.38,4.74,177378,4304,160353,4038,13254,683,9511,655,220073,5053,187636,4600
290,nationwide,2021-12,7.64,84.5,4.73,171889,4544,162555,4396,13609,673,10804,649,215810,5441,196045,5166
291,metropolitan,2021-12,7.1,85.2,4.56,185437,5002,174132,4827,14264,712,11349,685,230746,5952,208472,5643
292,province,2021-12,9.88,81.6,5.39,115895,2652,114703,2615,10900,511,8554,498,154081,3329,144682,3195
293,seoul,2021-12,6.97,83.84,4.27,206921,6232,197666,6156,16014,781,12877,748,260860,7506,243765,7297
294,seoul-downtown,2021-12,5.91,80.92,4.17,244760,6634,232934,6300,13816,957,13701,919,318692,8325,310921,7941
295,seoul-northeastern,2021-12,7.72,84.28,4.87,142220,4963,140337,4699,11182,614,11526,609,170400,5853,166739,5512
296,seoul-northwestern,2021-12,6.65,85.46,4.51,191400,6529,183313,6380,11939,772,11474,712,235485,7585,209911,7421
297,seoul-southwestern,2021-12,7.95,86.93,4.23,198846,6077,189901,6117,20654,694,13675,669,245715,7033,227358,7032
298,seoul-southeastern,2021-12,5.76,79.66,3.93,245294,6816,232187,6800,14828,930,12859,885,319793,8674,298370,8291
299,busan,2021-12,10.74,79.9,5.27,122585,2739,121953,2710,12021,535,9058,516,169839,3538,158430,3370
300,daegu,2021-12,8.09,84.15,5.08,112866,2975,109869,2867,8629,503,7107,500,134724,3525,127822,3430
301,incheon,2021-12,8.11,86.4,5.04,135528,2855,132095,2609,11311,558,11513,553,157880,3283,151030,3037
302,gwangju,2021-12,7.5,83.51,6.2,80336,1971,81633,1968,7205,416,6086,415,97828,2359,93402,2211
303,daejeon,2021-12,10.32,85.92,6.88,94782,1982,90003,1910,10061,465,9574,470,116878,2337,106800,2235
304,ulsan,2021-12,8.01,83.33,4.31,129728,2669,128253,2670,10750,477,8705,479,157608,3194,157870,3271
305,sejong,2021-12,4.59,92.58,5.39,90414,3364,87619,3396,4198,415,4198,410,98014,3633,94534,3663
306,gyeonggi,2021-12,6.91,86.38,4.74,177664,4311,161246,4044,13246,685,9511,658,220858,5066,187209,4615
307,nationwide,2022-01,7.58,84.57,4.73,172122,4551,162801,4404,13379,674,10761,650,216076,5446,196412,5171
308,metropolitan,2022-01,7.02,85.27,4.57,185717,5010,174418,4837,13977,714,11290,686,231043,5958,208883,5653
309,province,2022-01,9.88,81.66,5.4,115933,2653,114787,2613,10910,511,8576,499,154220,3329,144871,3181
310,seoul,2022-01,6.94,83.9,4.27,207321,6244,198004,6173,15954,782,12877,748,261271,7514,244229,7309
311,seoul-downtown,2022-01,5.9,81.03,4.17,245264,6645,234308,6307,13816,958,13701,921,319035,8331,311424,7941
312,seoul-northeastern,2022-01,7.7,84.37,4.86,142537,4974,140596,4717,11183,615,11526,609,170576,5861,166746,5572
313,seoul-northwestern,2022-01,6.65,85.5,4.51,191594,6535,183313,6414,11939,773,11474,712,235688,7589,210066,7425
314,seoul-southwestern,2022-01,7.89,86.92,4.23,199116,6084,190232,6133,20492,695,13675,670,246223,7042,228310,7036
315,seoul-southeastern,2022-01,5.74,79.79,3.93,245974,6837,232382,6813,14828,931,12859,885,320313,8686,298537,8298
316,busan,2022-01,10.74,79.93,5.27,122591,2740,122020,2703,12029,535,9091,517,170053,3540,158771,3352
317,daegu,2022-01,8.09,84.28,5.09,112944,2977,109869,2874,8629,503,7107,500,134597,3522,127773,3433
318,incheon,2022-01,8.06,86.58,5.05,135810,2860,132935,2621,11275,559,11513,555,157981,3280,151520,3025
319,gwangju,2022-01,7.5,83.5,6.19,80387,1970,81683,1968,7219,416,6086,416,97886,2359,93558,2214
320,daejeon,2022-01,10.31,86.13,6.89,94841,1984,90154,1915,10061,465,9574,470,116797,2334,106800,2228
321,ulsan,2022-01,8.03,83.47,4.31,130003,2673,128634,2673,10811,477,8705,480,157854,3192,157244,3242
322,sejong,2022-01,4.59,92.58,5.39,90414,3364,87619,3396,4198,415,4198,410,98014,3633,94534,3663
323,gyeonggi,2022-01,6.75,86.42,4.75,177805,4315,161278,4046,12607,688,9364,659,221088,5071,187530,4632
324,nationwide,2022-02,7.57,84.63,4.73,172329,4557,163015,4405,13384,675,10761,650,216245,5449,196749,5180
325,metropolitan,2022-02,7.01,85.35,4.57,185980,5018,174694,4841,13984,714,11290,686,231240,5962,209323,5660
326,province,2022-02,9.88,81.64,5.4,115907,2652,114744,2606,10906,511,8576,500,154269,3328,144782,3197
327,seoul,2022-02,6.93,84.02,4.27,207729,6256,198518,6165,15968,783,12877,748,261581,7518,244209,7306
328,seoul-downtown,2022-02,5.9,81.1,4.17,245789,6657,234773,6312,13816,958,13701,921,319348,8337,312229,7948
329,seoul-northeastern,2022-02,7.7,84.49,4.87,142752,4981,140743,4717,11199,615,11526,609,170617,5861,166778,5572
330,seoul-northwestern,2022-02,6.65,85.52,4.52,191665,6529,184298,6365,11939,773,11474,712,235897,7584,208560,7344
331,seoul-southwestern,2022-02,7.88,87,4.23,199510,6093,190516,6118,20524,695,13675,670,246752,7050,228683,7082
332,seoul-southeastern,2022-02,5.73,80.02,3.93,246619,6864,233191,6825,14828,932,12859,885,320507,8690,298370,8260
333,busan,2022-02,10.74,79.88,5.27,122519,2738,121916,2692,12026,535,9091,517,170127,3539,158771,3378
334,daegu,2022-02,8.08,84.36,5.09,112965,2978,109869,2873,8629,504,7107,500,134487,3518,127773,3425
335,incheon,2022-02,8.07,86.61,5.05,135635,2857,132444,2624,11275,559,11513,556,157795,3275,151774,3038
336,gwangju,2022-02,7.47,83.51,6.19,80410,1969,81733,1969,7173,416,6086,417,97942,2357,93328,2216
337,daejeon,2022-02,10.31,86.15,6.89,94888,1984,90117,1918,10061,465,9574,470,116779,2333,106189,2225
338,ulsan,2022-02,8.03,83.52,4.32,130200,2676,129015,2681,10827,478,8705,481,158012,3194,156924,3243
339,sejong,2022-02,4.59,92.58,5.39,90414,3364,87619,3396,4198,415,4198,410,98014,3633,94534,3663
340,gyeonggi,2022-02,6.73,86.47,4.75,178049,4323,161544,4064,12607,688,9364,659,221287,5078,188571,4649
341,nationwide,2022-03,7.58,84.69,4.73,172590,4565,163445,4417,13397,675,10761,651,216526,5453,196970,5194
342,metropolitan,2022-03,7.01,85.42,4.57,186302,5028,175160,4855,13993,715,11290,687,231607,5968,209716,5678
343,province,2022-03,9.92,81.7,5.4,115918,2651,115023,2607,10935,511,8576,500,154197,3325,144291,3198
344,seoul,2022-03,6.92,84.08,4.27,208255,6272,199181,6186,15982,783,12877,750,262271,7531,245102,7330
345,seoul-downtown,2022-03,5.9,81.15,4.17,246474,6668,236995,6329,13816,959,13701,921,320455,8352,317915,7936
346,seoul-northeastern,2022-03,7.69,84.58,4.86,143151,4994,141365,4750,11199,615,11526,609,170951,5872,167317,5596
347,seoul-northwestern,2022-03,6.64,85.64,4.52,192175,6546,184754,6372,11939,773,11474,713,236283,7591,210185,7309
348,seoul-southwestern,2022-03,7.87,87.06,4.23,199873,6104,190516,6118,20560,696,13675,670,247287,7059,228772,7134
349,seoul-southeastern,2022-03,5.71,80.04,3.93,247385,6889,234343,6873,14828,933,12859,890,321593,8711,298569,8283
350,busan,2022-03,10.76,79.94,5.28,122526,2736,122288,2692,12024,535,9091,518,170045,3536,158023,3380
351,daegu,2022-03,8.08,84.5,5.1,112995,2979,109869,2873,8629,504,7107,500,134330,3513,127773,3421
352,incheon,2022-03,8.15,86.63,5.05,135756,2857,132891,2624,11295,559,11513,556,157854,3275,152354,3061
353,gwangju,2022-03,7.79,83.55,6.19,80484,1969,82514,1980,7583,415,6086,416,98004,2356,93471,2215
354,daejeon,2022-03,10.32,86.14,6.9,94829,1983,90117,1918,10061,465,9574,470,116710,2331,106131,2216
355,ulsan,2022-03,8.02,83.56,4.32,130258,2677,128689,2681,10827,478,8705,481,158020,3194,156789,3248
356,sejong,2022-03,4.59,92.58,5.39,90392,3363,87619,3396,4198,415,4198,410,97993,3632,94534,3663
357,gyeonggi,2022-03,6.73,86.56,4.75,178202,4329,161787,4075,12607,689,9364,659,221384,5079,188315,4657
358,nationwide,2022-04,7.58,84.73,4.74,172714,4568,163344,4424,13397,676,10754,651,216667,5455,197403,5196
359,metropolitan,2022-04,7.01,85.46,4.58,186479,5033,175075,4863,13998,716,11290,688,231807,5972,210237,5684
360,province,2022-04,9.92,81.71,5.41,115822,2648,114860,2608,10909,511,8539,501,154091,3320,144360,3178
361,seoul,2022-04,6.93,84.09,4.27,208553,6279,199195,6186,15999,784,12877,751,262730,7539,245582,7334
362,seoul-downtown,2022-04,5.89,81.07,4.17,246823,6675,237093,6349,13816,960,13701,922,321673,8379,319684,7954
363,seoul-northeastern,2022-04,7.67,84.59,4.86,143287,4998,141365,4752,11187,616,11526,609,171087,5877,167765,5566
364,seoul-northwestern,2022-04,6.65,85.69,4.53,192284,6542,184949,6376,11939,773,11474,715,236329,7584,210447,7310
365,seoul-southwestern,2022-04,7.9,87.1,4.23,200139,6111,190516,6116,20612,697,13675,670,247649,7064,228784,7150
366,seoul-southeastern,2022-04,5.7,80.04,3.93,247878,6904,234272,6869,14828,935,12859,892,322283,8727,299367,8287
367,busan,2022-04,10.77,79.93,5.29,122396,2732,122008,2692,12022,535,9091,518,169921,3531,158145,3353
368,daegu,2022-04,8.08,84.64,5.12,112959,2978,109869,2873,8629,504,7107,500,134098,3505,127587,3412
369,incheon,2022-04,8.14,86.72,5.07,135725,2856,132636,2626,11287,560,11513,556,157719,3272,152465,3051
370,gwangju,2022-04,7.7,83.62,6.21,80519,1969,82776,1986,7243,416,5585,420,98111,2355,93597,2216
371,daejeon,2022-04,10.34,86.06,6.91,94703,1979,89965,1916,10061,465,9574,470,116615,2328,106131,2206
372,ulsan,2022-04,8.02,83.55,4.32,130251,2676,128879,2681,10827,478,8705,481,158019,3194,156789,3251
373,sejong,2022-04,4.59,92.63,5.39,90457,3365,87619,3396,4198,415,4198,410,98014,3633,94534,3663
374,gyeonggi,2022-04,6.72,86.62,4.76,178311,4333,161644,4095,12604,690,9364,659,221398,5079,189026,4671
375,nationwide,2022-05,7.56,84.74,4.74,172911,4573,163537,4432,13374,677,10754,653,216933,5461,197477,5212
376,metropolitan,2022-05,7,85.46,4.58,186736,5040,175373,4873,13985,717,11290,689,232181,5981,210329,5704
377,province,2022-05,9.9,81.74,5.42,115772,2645,114618,2608,10850,511,8539,501,153913,3314,144360,3178
378,seoul,2022-05,6.91,84.07,4.27,208932,6290,199637,6196,15980,786,12877,752,263331,7554,245520,7367
379,seoul-downtown,2022-05,5.89,81.08,4.18,247366,6689,237427,6352,13864,962,13701,924,322471,8396,320010,7979
380,seoul-northeastern,2022-05,7.67,84.54,4.86,143441,5003,141365,4754,11187,617,11526,611,171382,5887,167765,5566
381,seoul-northwestern,2022-05,6.64,85.56,4.52,192424,6548,185898,6376,11939,774,11474,715,236705,7603,210606,7312
382,seoul-southwestern,2022-05,7.87,87.07,4.23,200476,6120,190765,6119,20550,698,13675,670,248199,7075,228343,7195
383,seoul-southeastern,2022-05,5.69,80.06,3.93,248486,6920,234998,6899,14828,937,12859,895,323148,8744,299553,8338
384,busan,2022-05,10.79,79.94,5.3,122325,2728,121638,2693,12020,535,9091,518,169697,3523,158212,3353
385,daegu,2022-05,8.08,84.75,5.12,112929,2977,109869,2873,8629,504,7107,500,133879,3499,127418,3412
386,incheon,2022-05,8.12,86.77,5.08,135694,2855,132388,2620,11256,561,11513,557,157628,3269,152419,3048
387,gwangju,2022-05,7.31,83.76,6.23,80602,1971,83014,1987,6461,420,5585,426,98132,2352,93835,2225
388,daejeon,2022-05,10.35,86.1,6.92,94625,1977,89755,1916,10061,465,9574,470,116506,2325,105769,2200
389,ulsan,2022-05,8.02,83.56,4.32,130244,2676,128879,2681,10827,478,8705,481,157999,3194,156598,3251
390,sejong,2022-05,4.59,92.63,5.39,90457,3365,87619,3396,4198,415,4198,410,98014,3633,94534,3663
391,gyeonggi,2022-05,6.72,86.64,4.77,178527,4340,161964,4110,12604,692,9364,662,221667,5085,189347,4685
392,nationwide,2022-06,7.56,84.78,4.75,173099,4579,163738,4436,13379,678,10754,654,217133,5466,197697,5222
393,metropolitan,2022-06,7,85.5,4.59,186985,5048,175621,4879,13992,719,11290,691,232453,5987,210604,5716
394,province,2022-06,9.91,81.76,5.43,115705,2643,114625,2607,10848,511,8539,501,153816,3311,144353,3176
395,seoul,2022-06,6.9,84.09,4.27,209266,6300,199844,6205,15987,787,12877,755,263804,7566,245944,7384
396,seoul-downtown,2022-06,5.9,81.17,4.18,247759,6701,237907,6357,13914,964,13701,926,322820,8404,320429,8000
397,seoul-northeastern,2022-06,7.66,84.58,4.87,143535,5007,141365,4754,11187,618,11526,612,171430,5888,167811,5566
398,seoul-northwestern,2022-06,6.63,85.54,4.52,192672,6559,185898,6394,11939,775,11474,715,237062,7617,210606,7361
399,seoul-southwestern,2022-06,7.87,87.09,4.24,200720,6126,190813,6120,20556,700,13675,673,248563,7082,228963,7189
400,seoul-southeastern,2022-06,5.67,80.08,3.93,249085,6939,235535,6922,14828,939,12859,900,324079,8770,300104,8376
401,busan,2022-06,10.79,79.95,5.3,122240,2725,121699,2692,12017,535,9091,518,169593,3519,158212,3353
402,daegu,2022-06,8.09,84.8,5.13,112870,2975,109803,2871,8629,504,7107,500,133646,3493,127265,3400
403,incheon,2022-06,8.14,86.75,5.09,135538,2851,132675,2617,11271,561,11513,556,157468,3265,152533,3039
404,gwangju,2022-06,7.31,83.88,6.25,80612,1971,83070,1981,6461,420,5585,427,98151,2348,93954,2219
405,daejeon,2022-06,10.36,86.08,6.93,94563,1976,89393,1914,10061,465,9574,470,116478,2324,105769,2195
406,ulsan,2022-06,8.02,83.56,4.32,130212,2676,128879,2681,10827,478,8705,481,157947,3193,156598,3251
407,sejong,2022-06,4.59,92.69,5.39,90521,3368,87619,3396,4198,416,4198,412,98014,3633,94534,3663
408,gyeonggi,2022-06,6.71,86.72,4.78,178816,4348,162245,4114,12606,693,9364,664,221856,5090,189503,4700
409,nationwide,2022-07,7.55,84.83,4.76,173147,4582,163811,4437,13323,680,10797,656,217178,5467,197493,5224
410,metropolitan,2022-07,6.97,85.56,4.6,187087,5052,175722,4879,13924,721,11349,693,232590,5990,210259,5720
411,province,2022-07,9.91,81.79,5.44,115535,2640,114585,2608,10839,512,8517,502,153483,3305,144733,3174
412,seoul,2022-07,6.89,84.13,4.28,209504,6308,200134,6201,15983,789,12877,757,264056,7572,246182,7379
413,seoul-downtown,2022-07,5.9,81.07,4.19,247721,6698,238261,6360,13914,966,13701,926,323118,8410,320946,8019
414,seoul-northeastern,2022-07,7.65,84.76,4.89,143768,5016,141411,4753,11194,620,11526,614,171362,5885,166908,5567
415,seoul-northwestern,2022-07,6.63,85.63,4.52,192935,6570,185949,6385,11964,776,11474,717,237188,7621,210760,7365
416,seoul-southwestern,2022-07,7.85,87.11,4.24,200865,6130,191189,6111,20533,700,13675,674,248740,7085,229433,7169
417,seoul-southeastern,2022-07,5.66,80.11,3.93,249533,6953,235919,6922,14828,941,12859,904,324640,8786,300553,8378
418,busan,2022-07,10.78,79.99,5.32,122025,2722,121693,2694,12003,536,9058,519,169137,3512,158797,3351
419,daegu,2022-07,8.1,84.79,5.15,112692,2970,109749,2872,8629,505,7107,501,133455,3489,127166,3396
420,incheon,2022-07,8.14,86.84,5.11,135434,2849,132458,2612,11271,562,11513,557,157235,3260,152164,3024
421,gwangju,2022-07,7.31,83.8,6.25,80653,1970,83070,1981,6461,420,5585,427,98203,2349,94078,2231
422,daejeon,2022-07,10.36,86.14,6.93,94443,1975,89040,1905,10061,465,9574,470,116355,2323,105727,2176
423,ulsan,2022-07,8.03,83.62,4.33,130167,2675,129015,2690,10833,479,8705,482,157827,3190,156734,3248
424,sejong,2022-07,4.59,92.71,5.4,90478,3366,87148,3396,4198,416,4198,412,97950,3631,94298,3654
425,gyeonggi,2022-07,6.67,86.78,4.79,178829,4351,162236,4123,12443,696,9511,666,221986,5090,188487,4718
426,nationwide,2022-08,7.54,84.87,4.78,173098,4583,163825,4444,13275,682,10797,657,217076,5464,197439,5240
427,metropolitan,2022-08,6.96,85.61,4.61,187065,5054,175849,4892,13864,722,11349,695,232511,5988,210320,5741
428,province,2022-08,9.93,81.81,5.46,115372,2635,114133,2591,10839,513,8517,502,153281,3299,144203,3169
429,seoul,2022-08,6.89,84.17,4.28,209597,6311,200269,6214,15984,790,12877,759,264122,7572,246105,7379
430,seoul-downtown,2022-08,5.9,81.12,4.2,247817,6703,238362,6360,13914,969,13701,927,323377,8416,320391,8009
431,seoul-northeastern,2022-08,7.65,84.88,4.9,143862,5018,141788,4786,11194,622,11526,614,171240,5880,166921,5567
432,seoul-northwestern,2022-08,6.64,85.64,4.53,192960,6569,185976,6387,11973,778,11474,720,237255,7621,211591,7319
433,seoul-southwestern,2022-08,7.85,87.12,4.24,200853,6131,191097,6114,20516,701,13675,675,248728,7084,229011,7165
434,seoul-southeastern,2022-08,5.67,80.15,3.94,249799,6960,236302,6946,14852,942,12859,909,324842,8790,300636,8406
435,busan,2022-08,10.81,80.02,5.33,121839,2717,121022,2671,12004,536,9058,519,168905,3505,158016,3348
436,daegu,2022-08,8.12,84.81,5.17,112382,2962,109667,2869,8629,506,7107,502,133078,3480,127083,3382
437,incheon,2022-08,8.15,86.87,5.13,135245,2844,132344,2610,11271,562,11513,552,156989,3254,152049,3022
438,gwangju,2022-08,7.3,83.8,6.26,80592,1969,83057,1974,6442,420,5585,427,98138,2347,93966,2223
439,daejeon,2022-08,10.37,86.14,6.94,94464,1975,89098,1902,10061,465,9574,470,116391,2323,105806,2178
440,ulsan,2022-08,8.05,83.66,4.34,130087,2674,128857,2686,10839,479,8705,483,157701,3187,156560,3247
441,sejong,2022-08,4.59,92.71,5.4,90435,3364,87148,3395,4198,416,4198,412,97907,3629,94298,3654
442,gyeonggi,2022-08,6.63,86.86,4.81,178731,4353,162437,4141,12290,699,9511,669,221798,5088,188770,4774
443,nationwide,2022-09,7.55,84.9,4.79,172925,4578,163761,4441,13284,683,10797,658,216816,5458,197021,5226
444,metropolitan,2022-09,6.98,85.64,4.63,186898,5050,175840,4888,13878,724,11349,696,232262,5982,209870,5727
445,province,2022-09,9.93,81.84,5.47,115175,2630,113836,2590,10825,513,8517,502,152978,3291,143916,3156
446,seoul,2022-09,6.91,84.19,4.29,209500,6307,200162,6205,16008,791,12877,760,263947,7566,245846,7358
447,seoul-downtown,2022-09,5.9,81.22,4.21,247892,6705,239053,6353,13934,971,13701,927,323123,8407,319539,7993
448,seoul-northeastern,2022-09,7.65,85.03,4.92,143845,5017,141775,4837,11194,622,11526,615,170954,5868,166102,5482
449,seoul-northwestern,2022-09,6.65,85.62,4.56,192551,6555,185911,6386,11973,780,11474,724,236877,7608,210655,7273
450,seoul-southwestern,2022-09,7.86,87.11,4.25,200780,6127,191055,6098,20516,701,13675,676,248577,7079,229268,7166
451,seoul-southeastern,2022-09,5.7,80.15,3.94,249715,6957,235770,6914,14932,943,12859,910,324815,8789,300479,8400
452,busan,2022-09,10.81,80.05,5.35,121573,2710,120604,2672,11984,537,9058,520,168506,3495,157644,3329
453,daegu,2022-09,8.13,84.85,5.19,112183,2958,109564,2862,8629,506,7107,502,132777,3472,126761,3372
454,incheon,2022-09,8.18,86.86,5.15,134868,2837,132496,2612,11283,563,11513,553,156664,3245,151896,3022
455,gwangju,2022-09,7.31,83.78,6.26,80512,1967,82639,1968,6441,420,5585,427,98060,2345,93522,2228
456,daejeon,2022-09,10.4,86.2,6.95,94597,1976,89305,1895,10061,465,9574,469,116456,2322,106034,2168
457,ulsan,2022-09,8.05,83.68,4.35,129960,2671,128857,2684,10839,479,8705,483,157547,3183,156605,3251
458,sejong,2022-09,4.59,92.74,5.4,90435,3364,87148,3395,4198,416,4198,412,97864,3628,94298,3654
459,gyeonggi,2022-09,6.64,86.89,4.83,178556,4350,162487,4141,12294,701,9511,670,221486,5082,187995,4762
460,nationwide,2022-10,7.7,84.91,4.81,172660,4572,163472,4436,13511,683,10845,658,216437,5449,196623,5216
461,metropolitan,2022-10,7.19,85.66,4.64,186653,5043,175558,4884,14187,724,11408,696,231901,5973,209460,5717
462,province,2022-10,9.79,81.84,5.5,114828,2623,113520,2588,10720,514,8517,505,152523,3282,143567,3144
463,seoul,2022-10,6.92,84.22,4.31,209245,6299,199844,6201,16008,792,12877,762,263613,7556,245573,7341
464,seoul-downtown,2022-10,5.91,81.29,4.23,247639,6698,239040,6353,13934,972,13701,928,322732,8393,318290,7955
465,seoul-northeastern,2022-10,7.67,85.09,4.96,143562,5006,141652,4812,11194,624,11526,619,170550,5852,165602,5474
466,seoul-northwestern,2022-10,6.66,85.59,4.58,192109,6538,186120,6380,11973,781,11474,724,236311,7590,210449,7222
467,seoul-southwestern,2022-10,7.87,87.12,4.26,200530,6120,190554,6098,20516,702,13675,677,248285,7071,229127,7149
468,seoul-southeastern,2022-10,5.7,80.18,3.95,249557,6954,235251,6914,14932,944,12859,912,324586,8783,300441,8400
469,busan,2022-10,10.58,80.05,5.38,121150,2702,120217,2669,11823,539,9058,523,167930,3484,157225,3313
470,daegu,2022-10,8.14,84.9,5.21,111901,2951,109460,2862,8629,507,7107,503,132405,3464,126373,3360
471,incheon,2022-10,8.2,86.83,5.17,134492,2828,131891,2603,11283,563,11513,553,156237,3237,151000,3008
472,gwangju,2022-10,7.32,83.69,6.26,80412,1963,82639,1968,6441,420,5585,427,97939,2342,93466,2227
473,daejeon,2022-10,10.43,86.11,6.95,94344,1971,88807,1893,10061,464,9574,469,116233,2318,105841,2166
474,ulsan,2022-10,8.05,83.65,4.36,129768,2667,128676,2681,10824,480,8705,483,157363,3179,156464,3250
475,sejong,2022-10,4.59,92.81,5.4,90435,3364,87148,3395,4198,416,4198,412,97785,3625,94062,3649
476,gyeonggi,2022-10,7.17,86.92,4.85,178368,4346,162359,4137,13068,699,9659,668,221119,5075,187592,4762
477,nationwide,2022-11,7.72,84.92,4.82,172162,4559,163003,4422,13482,683,10845,659,215808,5434,196112,5198
478,metropolitan,2022-11,7.21,85.64,4.65,186141,5030,175023,4868,14150,724,11408,696,231278,5958,209024,5697
479,province,2022-11,9.82,81.93,5.53,114387,2613,113324,2579,10722,515,8517,506,151871,3266,142747,3134
480,seoul,2022-11,6.92,84.21,4.32,208785,6286,199461,6189,15922,793,12877,763,263095,7541,245022,7309
481,seoul-downtown,2022-11,5.91,81.3,4.23,247335,6688,238585,6344,13934,971,13701,928,322297,8382,317702,7939
482,seoul-northeastern,2022-11,7.69,85.06,4.97,143164,4992,141145,4812,11194,625,11526,622,170133,5836,165116,5465
483,seoul-northwestern,2022-11,6.67,85.6,4.58,191833,6528,186107,6380,11973,781,11474,724,235752,7575,210449,7184
484,seoul-southwestern,2022-11,7.87,87.1,4.27,200024,6105,190037,6083,20283,703,13675,678,247762,7056,228688,7122
485,seoul-southeastern,2022-11,5.71,80.17,3.96,248988,6939,234965,6893,14932,944,12859,912,324014,8766,299460,8348
486,busan,2022-11,10.63,80.21,5.43,120629,2689,120078,2657,11825,540,9058,526,167097,3462,156105,3301
487,daegu,2022-11,8.16,84.92,5.22,111518,2944,109088,2858,8629,507,7107,503,131973,3454,126220,3347
488,incheon,2022-11,8.24,86.77,5.18,133891,2815,131599,2598,11287,563,11513,553,155735,3225,150714,2997
489,gwangju,2022-11,7.34,83.66,6.27,80236,1959,82582,1967,6434,420,5585,427,97741,2338,93385,2227
490,daejeon,2022-11,10.47,86.01,6.97,93933,1963,88159,1890,10061,463,9574,469,115866,2312,105611,2163
491,ulsan,2022-11,8.08,83.68,4.37,129556,2663,128581,2675,10845,480,8705,482,157089,3173,155694,3249
492,sejong,2022-11,4.59,92.8,5.4,90428,3364,87148,3395,4198,415,4198,412,97785,3625,94062,3649
493,gyeonggi,2022-11,7.18,86.93,4.86,177827,4333,161561,4113,13075,700,9659,666,220330,5059,187238,4752
494,nationwide,2022-12,7.75,84.89,4.84,171438,4542,162351,4409,13496,683,10844,658,214995,5415,195266,5177
495,metropolitan,2022-12,7.25,85.59,4.67,185381,5011,174347,4857,14171,724,11408,695,230480,5939,208331,5676
496,province,2022-12,9.85,82,5.56,113812,2602,112769,2556,10707,515,8513,507,150998,3250,141270,3115
497,seoul,2022-12,6.95,84.18,4.33,208256,6269,198818,6183,15925,792,12877,763,262529,7523,244615,7292
498,seoul-downtown,2022-12,5.98,81.24,4.24,246783,6673,238131,6341,13996,972,13701,928,321735,8368,317267,7939
499,seoul-northeastern,2022-12,7.72,85.14,5,142606,4972,140658,4796,11194,625,11526,622,169436,5808,165122,5419
500,seoul-northwestern,2022-12,6.66,85.65,4.59,191787,6529,186093,6374,11948,782,11474,724,235470,7568,210449,7233
501,seoul-southwestern,2022-12,7.89,87.05,4.28,199411,6087,188964,6078,20283,703,13675,678,247154,7039,228593,7076
502,seoul-southeastern,2022-12,5.73,80.11,3.97,248371,6920,234467,6888,14932,944,12859,912,323439,8748,298239,8347
503,busan,2022-12,10.66,80.33,5.47,119974,2677,119490,2626,11806,540,9058,527,166004,3443,154159,3276
504,daegu,2022-12,8.19,84.92,5.24,110957,2931,108973,2854,8629,506,7107,503,131362,3439,125335,3332
505,incheon,2022-12,8.29,86.61,5.2,132947,2793,130532,2563,11295,561,11513,548,155033,3208,149924,2983
506,gwangju,2022-12,7.26,83.64,6.28,79983,1953,81539,1951,6391,420,5528,426,97407,2331,92941,2223
507,daejeon,2022-12,10.53,85.91,6.99,93291,1948,87359,1879,10061,462,9574,468,115258,2299,104962,2153
508,ulsan,2022-12,8.11,83.73,4.39,129327,2658,128486,2673,10856,480,8705,482,156787,3167,155256,3249
509,sejong,2022-12,4.6,92.76,5.4,90385,3362,86676,3395,4198,415,4198,412,97778,3625,94062,3648
510,gyeonggi,2022-12,7.24,86.87,4.88,176860,4313,160983,4106,13122,699,9659,666,219228,5038,186247,4723
511,nationwide,2023-01,7.85,84.84,4.86,170475,4521,161620,4390,13654,682,10843,655,213952,5392,194547,5144
512,metropolitan,2023-01,7.37,85.54,4.69,184336,4988,173598,4837,14374,722,11407,690,229346,5915,207586,5642
513,province,2023-01,9.86,81.96,5.59,113188,2588,112117,2543,10677,514,8513,507,150329,3234,140659,3090
514,seoul,2023-01,6.95,84.16,4.35,207653,6252,198517,6181,15833,793,12876,763,261959,7507,244302,7248
515,seoul-downtown,2023-01,5.97,81.25,4.26,246221,6659,238098,6339,13965,972,13701,928,321282,8354,316900,7929
516,seoul-northeastern,2023-01,7.74,85.25,5.04,141789,4953,139290,4794,11080,625,11519,620,168255,5777,164114,5392
517,seoul-northwestern,2023-01,6.66,85.64,4.59,191506,6520,185678,6374,11948,782,11474,724,235170,7560,210449,7216
518,seoul-southwestern,2023-01,7.9,87.01,4.29,198617,6063,188823,6075,20087,704,13675,678,246467,7017,228271,6990
519,seoul-southeastern,2023-01,5.74,80.03,3.98,247972,6905,234453,6888,14932,944,12859,912,323170,8740,298164,8328
520,busan,2023-01,10.64,80.35,5.49,119442,2665,118769,2612,11762,540,9058,527,165322,3427,153471,3243
521,daegu,2023-01,8.26,84.58,5.27,109415,2897,108560,2847,8629,505,7107,502,130329,3415,124951,3315
522,incheon,2023-01,8.32,86.57,5.21,132121,2775,129631,2556,11303,561,11513,548,154264,3189,149728,2968
523,gwangju,2023-01,7.27,83.56,6.31,79556,1942,81051,1936,6381,420,5528,426,96954,2320,92553,2206
524,daejeon,2023-01,10.61,85.72,7.04,92619,1934,86352,1859,10061,462,9574,468,114677,2286,104232,2149
525,ulsan,2023-01,8.13,83.79,4.4,128975,2650,128216,2670,10856,480,8705,481,156312,3155,154756,3245
526,sejong,2023-01,4.6,92.82,5.4,90385,3362,86676,3395,4198,415,4198,412,97692,3622,94062,3648
527,gyeonggi,2023-01,7.51,86.79,4.91,175224,4281,159764,4059,13736,696,9659,655,217311,5002,184807,4694
528,nationwide,2023-02,7.83,84.85,4.88,169710,4503,160936,4371,13496,683,10796,657,213041,5372,193447,5135
529,metropolitan,2023-02,7.32,85.53,4.71,183520,4969,172946,4815,14178,724,11348,693,228414,5893,206445,5634
530,province,2023-02,9.89,82.02,5.61,112634,2577,111300,2538,10677,514,8513,507,149505,3219,139724,3070
531,seoul,2023-02,6.97,84.11,4.36,207010,6231,197855,6155,15754,793,12876,762,261338,7487,243343,7239
532,seoul-downtown,2023-02,5.98,81.29,4.27,245713,6646,237653,6315,13965,972,13701,928,320858,8341,317085,7927
533,seoul-northeastern,2023-02,7.78,85.06,5.06,141085,4923,138906,4756,11080,625,11519,615,167665,5755,164100,5350
534,seoul-northwestern,2023-02,6.67,85.66,4.61,191278,6512,185588,6371,11950,782,11474,724,234837,7548,208683,7183
535,seoul-southwestern,2023-02,7.91,86.95,4.31,197558,6032,187541,6027,19872,704,13675,678,245378,6985,226196,6980
536,seoul-southeastern,2023-02,5.75,79.98,3.98,247684,6896,234153,6888,14932,945,12859,913,322968,8734,298228,8346
537,busan,2023-02,10.69,80.44,5.51,118864,2654,117700,2608,11762,540,9058,528,164336,3409,152328,3219
538,daegu,2023-02,8.3,84.53,5.28,108490,2880,108325,2840,8629,504,7107,502,129531,3397,124493,3294
539,incheon,2023-02,8.36,86.44,5.23,131355,2759,128585,2533,11303,561,11513,548,153664,3176,149061,2955
540,gwangju,2023-02,7.27,83.64,6.34,79264,1935,80482,1926,6362,420,5528,425,96506,2310,91815,2194
541,daejeon,2023-02,10.64,85.72,7.05,92281,1928,85787,1852,10061,461,9574,466,114370,2281,104012,2155
542,ulsan,2023-02,8.19,83.82,4.42,128537,2639,128194,2656,10864,480,8705,481,155742,3141,153678,3223
543,sejong,2023-02,4.6,92.8,5.41,90321,3359,86440,3395,4198,415,4198,413,97650,3620,94062,3643
544,gyeonggi,2023-02,7.38,86.87,4.94,174188,4262,159259,4042,13335,698,9511,664,215903,4974,183290,4691
545,nationwide,2023-03,7.85,84.84,4.9,168987,4486,160538,4346,13479,682,10841,657,212137,5351,192941,5112
546,metropolitan,2023-03,7.35,85.5,4.72,182709,4950,172534,4786,14161,723,11406,694,227464,5871,205976,5607
547,province,2023-03,9.89,82.1,5.63,112275,2570,110961,2527,10660,514,8508,506,148788,3205,139068,3065
548,seoul,2023-03,6.99,84.07,4.37,206364,6211,197522,6120,15770,794,12873,760,260662,7466,242984,7212
549,seoul-downtown,2023-03,5.98,81.3,4.27,245376,6641,238434,6303,13965,973,13701,930,320668,8336,317065,7930
550,seoul-northeastern,2023-03,7.81,84.99,5.08,140482,4906,138254,4753,11082,625,11526,614,167165,5739,162789,5350
551,seoul-northwestern,2023-03,6.67,85.7,4.61,190956,6501,185149,6356,11914,782,11447,724,234466,7532,207985,7162
552,seoul-southwestern,2023-03,7.95,86.88,4.33,196609,6003,187432,5959,19928,704,13675,672,244433,6957,226086,6944
553,seoul-southeastern,2023-03,5.76,79.95,4,247172,6879,233351,6862,14932,947,12859,913,322261,8713,298062,8305
554,busan,2023-03,10.73,80.52,5.53,118533,2647,117442,2595,11771,539,9058,527,163511,3394,151606,3216
555,daegu,2023-03,8.36,84.47,5.3,107842,2866,107655,2834,8629,503,7107,502,128952,3383,124236,3285
556,incheon,2023-03,8.39,86.33,5.24,130721,2743,127763,2516,11299,560,11513,548,153171,3165,148512,2938
557,gwangju,2023-03,7.27,83.67,6.35,78907,1927,79720,1915,6343,419,5472,425,95987,2299,91146,2188
558,daejeon,2023-03,10.21,85.97,7.08,92032,1923,85525,1846,9858,462,9574,465,113852,2269,103259,2138
559,ulsan,2023-03,8.21,83.92,4.44,128187,2633,127868,2654,10806,480,8683,480,155223,3130,152891,3210
560,sejong,2023-03,4.61,92.77,5.41,90150,3353,86412,3395,4198,415,4198,413,97492,3614,94269,3648
561,gyeonggi,2023-03,7.41,86.88,4.95,173123,4242,158897,4017,13276,698,9659,667,214475,4947,182721,4660
562,nationwide,2023-04,7.88,84.76,4.92,168442,4477,160127,4340,13502,683,10841,655,211571,5345,192889,5098
563,metropolitan,2023-04,7.39,85.4,4.74,182157,4940,172140,4781,14198,724,11406,691,226930,5866,206018,5604
564,province,2023-04,9.88,82.14,5.65,111755,2560,110476,2520,10624,514,8508,507,148090,3191,138625,3006
565,seoul,2023-04,7.03,83.94,4.38,206217,6215,197573,6138,15832,795,12873,761,260780,7480,243668,7237
566,seoul-downtown,2023-04,5.9,81.26,4.21,247936,6711,243588,6534,13950,976,13701,948,323486,8414,321664,8102
567,seoul-northeastern,2023-04,7.84,84.94,5.09,139974,4888,137841,4747,11091,624,11526,614,166727,5725,162341,5372
568,seoul-northwestern,2023-04,6.63,85.65,4.62,192479,6637,185149,6380,11929,791,11447,724,236209,7682,212163,7254
569,seoul-southwestern,2023-04,8.06,86.77,4.35,195703,5974,186510,5956,20090,704,13675,671,243586,6932,225820,6913
570,seoul-southeastern,2023-04,5.78,79.71,4.01,246539,6852,233254,6847,14932,948,12859,913,322300,8706,297650,8328
571,busan,2023-04,10.69,80.59,5.56,117958,2638,116899,2590,11712,539,9058,528,162671,3378,151223,3129
572,daegu,2023-04,8.4,84.52,5.32,107280,2854,107556,2825,8629,503,7107,502,128394,3367,123645,3282
573,incheon,2023-04,8.43,86.32,5.25,130052,2731,126577,2512,11301,559,11513,548,152374,3151,148130,2926
574,gwangju,2023-04,7.3,83.66,6.37,78488,1918,79138,1906,6321,418,5472,423,95491,2287,90802,2179
575,daejeon,2023-04,10.25,85.82,7.09,91753,1915,85199,1831,9858,461,9574,466,113667,2264,102676,2138
576,ulsan,2023-04,8.3,83.95,4.46,127736,2624,127075,2652,10874,480,8683,479,154673,3118,152172,3201
577,sejong,2023-04,4.62,92.79,5.43,90007,3348,86412,3387,4198,416,4198,413,97307,3607,93798,3627
578,gyeonggi,2023-04,7.45,86.78,4.98,172142,4219,158260,3983,13295,698,9659,658,213272,4924,182162,4628
579,nationwide,2023-05,7.91,84.66,4.93,167831,4461,159511,4330,13525,683,10836,655,210960,5332,192424,5089
580,metropolitan,2023-05,7.43,85.27,4.75,181511,4924,171465,4769,14229,724,11404,691,226306,5853,205471,5596
581,province,2023-05,9.91,82.15,5.68,111291,2551,110101,2516,10616,513,8490,506,147532,3179,138504,2991
582,seoul,2023-05,7.05,83.85,4.39,205817,6200,197011,6120,15830,796,12873,761,260488,7470,243142,7230
583,seoul-downtown,2023-05,5.91,81.1,4.21,247496,6696,240255,6498,13942,977,13701,942,323300,8409,321158,8076
584,seoul-northeastern,2023-05,7.86,84.88,5.11,139700,4876,137744,4725,11091,625,11526,616,166418,5711,162788,5330
585,seoul-northwestern,2023-05,6.64,85.75,4.63,192364,6632,185149,6380,11929,791,11447,724,235902,7669,211800,7254
586,seoul-southwestern,2023-05,8.09,86.66,4.36,195287,5958,186496,5935,20085,704,13675,671,243204,6921,225868,6912
587,seoul-southeastern,2023-05,5.79,79.55,4.02,245979,6835,232389,6832,14932,950,12859,913,322109,8699,295767,8331
588,busan,2023-05,10.72,80.64,5.58,117474,2628,116424,2587,11702,539,9058,526,162030,3366,151140,3112
589,daegu,2023-05,8.43,84.49,5.35,106637,2840,107238,2822,8629,503,7107,502,127850,3353,123104,3276
590,incheon,2023-05,8.54,86.14,5.28,128852,2708,125164,2501,11390,558,11497,547,151366,3131,147823,2927
591,gwangju,2023-05,7.33,83.62,6.38,78121,1909,78976,1898,6307,417,5472,423,95073,2278,90477,2164
592,daejeon,2023-05,10.29,85.71,7.13,91458,1908,85118,1831,9858,462,9574,469,113379,2259,102966,2133
593,ulsan,2023-05,8.34,83.87,4.47,127369,2616,126877,2631,10857,480,8412,480,154371,3110,152172,3177
594,sejong,2023-05,4.63,92.88,5.46,89778,3339,86384,3387,4198,416,4198,414,96928,3594,93298,3606
595,gyeonggi,2023-05,7.5,86.62,4.99,171399,4203,157709,3980,13346,698,9659,658,212393,4911,181506,4616
596,nationwide,2023-06,7.96,84.62,4.95,167386,4450,159164,4320,13650,683,10836,655,210522,5320,191887,5084
597,metropolitan,2023-06,7.48,85.22,4.77,181098,4912,171123,4760,14387,724,11404,691,225922,5841,204922,5591
598,province,2023-06,9.93,82.15,5.7,110714,2540,109735,2502,10603,513,8486,505,146874,3167,138016,2986
599,seoul,2023-06,7.06,83.8,4.4,205462,6188,196485,6099,15830,797,12873,761,260181,7458,242550,7224
600,seoul-downtown,2023-06,5.92,81.06,4.22,247096,6686,239583,6498,13940,977,13701,941,323012,8400,319848,8019
601,seoul-northeastern,2023-06,7.88,84.76,5.12,139427,4865,137219,4687,11099,625,11526,616,166228,5703,162482,5330
602,seoul-northwestern,2023-06,6.65,85.78,4.64,192222,6625,185109,6352,11929,791,11447,722,235692,7658,211760,7254
603,seoul-southwestern,2023-06,8.1,86.62,4.37,194948,5945,185822,5908,20083,704,13675,670,242874,6909,225287,6909
604,seoul-southeastern,2023-06,5.81,79.49,4.03,245476,6818,231884,6825,14932,951,12859,915,321722,8685,294999,8334
605,busan,2023-06,10.74,80.68,5.61,116806,2618,116056,2568,11703,538,9058,526,161205,3353,150515,3107
606,daegu,2023-06,8.4,84.35,5.37,105878,2821,106532,2806,8508,503,7107,502,127239,3337,122836,3259
607,incheon,2023-06,8.57,86.18,5.31,128206,2695,124825,2498,11390,558,11497,547,150688,3115,147211,2920
608,gwangju,2023-06,7.35,83.56,6.39,77808,1903,78394,1889,6293,417,5416,420,94726,2272,90164,2160
609,daejeon,2023-06,10.31,85.75,7.15,91465,1906,85280,1826,9858,462,9574,465,113350,2256,102909,2131
610,ulsan,2023-06,8.38,83.8,4.48,126871,2607,126691,2637,10864,480,8412,480,154014,3104,151869,3183
611,sejong,2023-06,4.65,92.8,5.49,89464,3326,85884,3387,4198,417,4198,415,96664,3583,93034,3606
612,gyeonggi,2023-06,7.6,86.55,5.01,171000,4191,157580,3982,13742,697,9659,659,212021,4900,181029,4612
613,nationwide,2023-07,7.96,84.62,4.96,167203,4445,158826,4313,13643,683,10834,654,210266,5313,191596,5072
614,metropolitan,2023-07,7.49,85.23,4.78,180953,4907,170767,4752,14392,725,11406,691,225726,5835,204774,5578
615,province,2023-07,9.89,82.11,5.72,110374,2532,109474,2498,10550,513,8472,504,146373,3157,137132,2982
616,seoul,2023-07,7.07,83.82,4.41,205390,6184,196361,6082,15828,797,12873,761,260029,7451,242498,7211
617,seoul-downtown,2023-07,5.92,81.04,4.23,246952,6681,240032,6496,13940,978,13701,942,322846,8393,319478,8018
618,seoul-northeastern,2023-07,7.88,84.84,5.13,139463,4866,136828,4686,11091,626,11526,616,166120,5698,162547,5309
619,seoul-northwestern,2023-07,6.65,85.79,4.65,192088,6619,184680,6338,11926,792,11447,724,235504,7651,211396,7253
620,seoul-southwestern,2023-07,8.11,86.64,4.37,194965,5943,185669,5885,20083,704,13675,671,242746,6904,225568,6878
621,seoul-southeastern,2023-07,5.82,79.49,4.04,245282,6811,231884,6800,14932,952,12859,915,321534,8675,294690,8341
622,busan,2023-07,10.67,80.64,5.63,116452,2609,115873,2565,11627,539,9058,523,160607,3341,149340,3103
623,daegu,2023-07,8.41,84.37,5.39,105472,2811,105891,2806,8508,503,7107,502,126787,3325,122480,3253
624,incheon,2023-07,8.58,86.2,5.33,127916,2690,124329,2502,11389,558,11513,546,150385,3108,147211,2900
625,gwangju,2023-07,7.36,83.52,6.41,77592,1898,78207,1886,6282,417,5416,419,94457,2267,89761,2160
626,daejeon,2023-07,10.33,85.63,7.18,91122,1898,84879,1816,9830,463,9402,464,113117,2250,102623,2127
627,ulsan,2023-07,8.39,83.82,4.5,126609,2603,126309,2637,10857,481,8412,482,153694,3098,151520,3179
628,sejong,2023-07,4.66,92.7,5.51,89228,3316,85884,3366,4198,418,4198,416,96507,3577,92798,3605
629,gyeonggi,2023-07,7.62,86.53,5.02,170819,4186,157002,3979,13756,697,9659,659,211810,4895,180717,4601
630,nationwide,2023-08,7.99,84.66,4.97,167127,4443,158724,4308,13658,684,10834,655,210090,5308,191332,5065
631,metropolitan,2023-08,7.5,85.26,4.79,180911,4906,170679,4748,14392,725,11406,691,225592,5831,204557,5571
632,province,2023-08,10.01,82.16,5.73,110158,2526,109313,2489,10627,512,8472,504,146020,3149,136671,2973
633,seoul,2023-08,7.06,83.86,4.41,205400,6185,196361,6084,15828,797,12873,762,259935,7448,242287,7226
634,seoul-downtown,2023-08,5.93,80.95,4.23,246763,6673,239389,6492,13940,978,13701,941,322980,8395,319445,8032
635,seoul-northeastern,2023-08,7.88,84.91,5.13,139462,4867,136399,4709,11091,626,11526,618,166037,5695,161969,5330
636,seoul-northwestern,2023-08,6.65,85.8,4.65,192108,6620,184667,6338,11926,792,11447,724,235471,7650,211500,7280
637,seoul-southwestern,2023-08,8.11,86.69,4.38,195027,5944,185985,5908,20083,705,13675,671,242751,6901,225476,6879
638,seoul-southeastern,2023-08,5.81,79.57,4.05,245288,6813,231897,6766,14932,952,12859,916,321197,8666,294295,8366
639,busan,2023-08,10.85,80.7,5.64,116208,2603,115718,2552,11748,537,9058,524,160229,3333,148769,3096
640,daegu,2023-08,8.43,84.51,5.42,105186,2803,105788,2806,8508,503,7107,502,126246,3310,122158,3243
641,incheon,2023-08,8.59,86.27,5.34,127824,2688,124126,2502,11389,559,11513,546,150164,3102,147187,2903
642,gwangju,2023-08,7.38,83.5,6.43,77403,1893,77794,1880,6275,417,5416,420,94220,2262,89289,2155
643,daejeon,2023-08,10.36,85.45,7.19,91140,1896,84946,1815,9830,464,9402,459,113074,2248,102570,2118
644,ulsan,2023-08,8.38,83.9,4.51,126434,2600,125921,2643,10841,481,8412,482,153343,3090,151420,3156
645,sejong,2023-08,4.67,92.83,5.54,89078,3310,85884,3366,4198,418,4198,417,96214,3565,92354,3584
646,gyeonggi,2023-08,7.63,86.55,5.03,170734,4184,156851,3969,13756,698,9659,659,211660,4890,180428,4564
647,nationwide,2023-09,7.99,84.71,4.98,167124,4442,158910,4313,13648,684,10834,655,209950,5304,191384,5056
648,metropolitan,2023-09,7.5,85.32,4.8,180957,4907,170929,4755,14383,726,11406,692,225501,5827,204698,5564
649,province,2023-09,10.01,82.17,5.75,109949,2521,109233,2488,10611,513,8472,504,145681,3142,136359,2955
650,seoul,2023-09,7.06,83.89,4.42,205457,6185,196834,6089,15829,798,12873,763,259931,7447,242615,7227
651,seoul-downtown,2023-09,5.93,80.87,4.23,246804,6674,239123,6492,13950,979,13701,944,323254,8402,320275,8032
652,seoul-northeastern,2023-09,7.88,84.97,5.13,139466,4866,136847,4696,11088,626,11526,617,165975,5693,162385,5350
653,seoul-northwestern,2023-09,6.65,85.78,4.65,192122,6619,184667,6318,11926,793,11447,724,235526,7652,211473,7281
654,seoul-southwestern,2023-09,8.1,86.69,4.38,195128,5947,186729,5907,20083,705,13675,672,242900,6903,225445,6884
655,seoul-southeastern,2023-09,5.81,79.67,4.05,245338,6813,232485,6802,14932,952,12859,917,320892,8658,295063,8351
656,busan,2023-09,10.84,80.74,5.65,116007,2598,115656,2551,11725,537,9058,523,159807,3323,148404,3070
657,daegu,2023-09,8.46,84.39,5.43,104823,2794,105859,2801,8508,503,7107,503,126022,3306,122009,3241
658,incheon,2023-09,8.59,86.37,5.37,127783,2686,124126,2500,11360,559,11513,547,149982,3097,147034,2903
659,gwangju,2023-09,7.41,83.47,6.46,77154,1887,77688,1879,6275,417,5416,423,93894,2255,88777,2142
660,daejeon,2023-09,10.37,85.47,7.21,91032,1893,84585,1807,9830,464,9402,460,113019,2246,102553,2121
661,ulsan,2023-09,8.37,83.92,4.53,126363,2598,125803,2643,10824,482,8412,484,153203,3087,151206,3154
662,sejong,2023-09,4.69,92.56,5.55,88743,3296,85827,3367,4198,418,4198,417,96107,3560,92090,3582
663,gyeonggi,2023-09,7.63,86.63,5.05,170799,4185,156928,3980,13744,700,9659,660,211498,4885,180451,4547
664,nationwide,2023-10,7.99,84.73,4.99,167030,4439,158853,4303,13644,685,10834,656,209728,5298,191200,5053
665,metropolitan,2023-10,7.5,85.34,4.81,180905,4904,170901,4746,14387,726,11406,692,225326,5822,204555,5562
666,province,2023-10,9.99,82.24,5.76,109684,2515,109058,2474,10576,513,8472,504,145261,3131,135999,2952
667,seoul,2023-10,7.07,83.92,4.42,205418,6182,196658,6078,15829,798,12873,763,259767,7440,242683,7222
668,seoul-downtown,2023-10,5.94,80.85,4.23,246684,6670,239645,6509,13950,980,13701,946,323210,8400,319979,8010
669,seoul-northeastern,2023-10,7.88,84.97,5.14,139411,4863,136431,4674,11088,627,11526,620,165950,5689,162800,5330
670,seoul-northwestern,2023-10,6.66,85.78,4.66,191978,6613,185031,6315,11926,793,11447,724,235289,7644,211888,7281
671,seoul-southwestern,2023-10,8.1,86.72,4.39,195162,5946,186729,5886,20083,706,13675,672,242820,6899,225506,6885
672,seoul-southeastern,2023-10,5.82,79.73,4.06,245283,6808,231703,6798,14932,952,12859,915,320535,8647,294925,8349
673,busan,2023-10,10.76,80.86,5.67,115774,2593,115418,2531,11640,537,9058,524,159354,3312,148042,3070
674,daegu,2023-10,8.49,84.32,5.46,104291,2779,105516,2798,8508,504,7107,503,125520,3292,121683,3226
675,incheon,2023-10,8.6,86.41,5.38,127653,2684,123973,2500,11357,560,11513,547,149715,3093,146499,2902
676,gwangju,2023-10,7.44,83.47,6.49,76911,1881,77563,1870,6276,417,5416,426,93571,2248,88626,2140
677,daejeon,2023-10,10.63,85.45,7.24,90845,1887,84871,1811,10073,464,9402,459,112660,2238,102252,2109
678,ulsan,2023-10,8.39,83.9,4.54,126079,2592,125825,2639,10823,482,8412,484,152980,3082,150522,3157
679,sejong,2023-10,4.7,92.45,5.56,88507,3286,85827,3366,4198,418,4198,417,95942,3554,91618,3571
680,gyeonggi,2023-10,7.64,86.62,5.06,170758,4183,157116,3969,13754,701,9659,660,211343,4881,180200,4547
681,nationwide,2023-11,7.85,84.8,5.01,166864,4434,158509,4305,13455,686,10834,656,209436,5288,190720,5034
682,metropolitan,2023-11,7.35,85.38,4.82,180749,4899,170520,4749,14166,728,11406,693,225063,5813,204058,5544
683,province,2023-11,9.94,82.41,5.79,109479,2510,108871,2470,10515,513,8472,504,144848,3119,135593,2930
684,seoul,2023-11,7.07,83.96,4.43,205230,6176,196185,6069,15828,798,12873,762,259485,7429,242265,7213
685,seoul-downtown,2023-11,5.94,80.85,4.24,246536,6664,239798,6490,13950,981,13701,946,323065,8395,320502,8002
686,seoul-northeastern,2023-11,7.88,85.09,5.15,139306,4859,136386,4661,11088,627,11526,620,165650,5676,162034,5310
687,seoul-northwestern,2023-11,6.66,85.84,4.66,191898,6610,184550,6327,11926,793,11447,724,235074,7635,211524,7282
688,seoul-southwestern,2023-11,8.11,86.74,4.4,195058,5941,186212,5885,20080,706,13675,672,242710,6892,225569,6889
689,seoul-southeastern,2023-11,5.83,79.77,4.06,244877,6799,230866,6772,14932,951,12859,912,319951,8628,293689,8322
690,busan,2023-11,10.68,81.07,5.7,115603,2589,115290,2528,11583,538,9058,523,158933,3300,147555,3037
691,daegu,2023-11,8.5,84.57,5.49,104000,2771,105194,2792,8508,503,7107,503,124872,3274,121513,3214
692,incheon,2023-11,8.62,86.38,5.39,127360,2677,123788,2492,11357,560,11513,547,149429,3086,146484,2891
693,gwangju,2023-11,7.48,83.44,6.52,76616,1874,77037,1867,6276,417,5416,424,93171,2239,88245,2137
694,daejeon,2023-11,10.56,85.46,7.26,90564,1884,84563,1809,9787,466,9402,464,112531,2236,102193,2118
695,ulsan,2023-11,8.41,83.96,4.56,125839,2586,125763,2633,10824,483,8412,484,152604,3072,149927,3150
696,sejong,2023-11,4.71,92.61,5.58,88400,3282,85827,3364,4198,419,4198,418,95699,3544,91618,3573
697,gyeonggi,2023-11,7.24,86.69,5.08,170686,4179,156772,3991,13202,704,9659,662,211110,4873,179443,4516
698,nationwide,2023-12,7.89,84.87,5.03,166688,4428,158361,4309,13472,687,10834,656,209111,5278,190545,5028
699,metropolitan,2023-12,7.37,85.45,4.84,180578,4894,170366,4754,14178,728,11406,693,224746,5803,203933,5534
700,province,2023-12,10.05,82.48,5.82,109277,2504,108743,2466,10554,513,8472,503,144489,3110,135211,2934
701,seoul,2023-12,7.1,83.99,4.44,205071,6169,196153,6071,15854,798,12873,763,259213,7419,242235,7196
702,seoul-downtown,2023-12,5.95,80.91,4.26,246460,6662,240343,6490,13950,983,13701,946,322655,8384,320063,8018
703,seoul-northeastern,2023-12,7.88,85.23,5.16,139317,4861,136380,4704,11088,628,11526,620,165455,5670,161988,5308
704,seoul-northwestern,2023-12,6.66,85.92,4.67,191949,6614,185043,6349,11926,793,11447,724,234942,7632,212366,7253
705,seoul-southwestern,2023-12,8.17,86.83,4.41,195019,5935,185821,5886,20151,706,13675,673,242325,6880,225521,6858
706,seoul-southeastern,2023-12,5.84,79.66,4.07,244344,6777,230866,6748,14932,951,12859,913,319776,8615,293421,8311
707,busan,2023-12,10.84,81.17,5.72,115443,2584,115276,2525,11643,537,9058,522,158597,3290,147114,3046
708,daegu,2023-12,8.53,84.7,5.51,103791,2766,104714,2785,8508,503,7107,502,124443,3262,121328,3217
709,incheon,2023-12,8.64,86.54,5.42,127119,2672,123234,2492,11357,560,11513,547,148992,3076,146050,2880
710,gwangju,2023-12,7.49,83.33,6.55,76249,1865,76375,1856,6257,418,5416,422,92865,2233,88025,2120
711,daejeon,2023-12,10.58,85.5,7.3,90308,1877,84311,1801,9787,467,9402,465,111937,2224,101744,2111
712,ulsan,2023-12,8.46,83.94,4.58,125523,2581,125818,2631,10844,484,8412,485,152322,3068,149601,3149
713,sejong,2023-12,4.72,92.42,5.59,88099,3271,85799,3361,4198,419,4198,419,95535,3538,91590,3562
714,gyeonggi,2023-12,7.25,86.76,5.1,170526,4176,156616,4002,13201,705,9659,663,210783,4864,179314,4516
715,nationwide,2024-01,8.48,84.43,5.27,178218,4906,168987,4780,16521,770,11285,742,225035,5892,208172,5594
716,metropolitan,2024-01,8.3,84.79,5.16,192849,5371,182363,5238,17946,820,11989,786,241481,6425,222928,6096
717,province,2024-01,9.2,83.04,5.69,120973,3088,116655,2991,10946,574,8532,568,160692,3807,150441,3627
718,seoul,2024-01,9.3,84.46,4.78,221051,6884,211446,6710,22817,889,13749,855,276798,8236,252592,7667
719,seoul-downtown,2024-01,7.54,77.91,4.2,259659,7568,252758,6897,20152,1064,13746,1040,363239,9953,330019,9015
720,seoul-northeastern,2024-01,9.43,86.16,5.14,172285,6413,160374,6262,17163,743,13166,710,203438,7411,190088,7012
721,seoul-northwestern,2024-01,9.93,86.69,4.81,201820,6916,186317,6425,20285,814,11631,808,243031,7955,215108,7166
722,seoul-southwestern,2024-01,11.69,85.78,4.89,205102,6409,191987,6496,30811,776,14219,746,253029,7521,227029,7303
723,seoul-southeastern,2024-01,5.92,82.66,4.57,270981,7638,270043,7384,16333,1126,14425,1066,343730,9355,320583,8387
724,busan,2024-01,9.76,82.03,5.41,126581,3262,119485,3143,11737,577,8352,572,174079,4100,158700,3879
725,daegu,2024-01,7.15,85.68,5.84,120416,3038,120074,3011,9092,601,8429,590,149836,3564,154311,3613
726,incheon,2024-01,8.87,84.02,5.7,140650,3170,138026,3238,12568,669,10894,650,171471,3798,163212,3854
727,gwangju,2024-01,7.86,83.49,6.1,105940,2595,110677,2551,9126,545,8927,540,132817,3124,130755,2901
728,daejeon,2024-01,11.42,86.32,7.54,101796,2355,101257,2201,12090,556,9341,550,123572,2742,118458,2513
729,ulsan,2024-01,7.62,83.34,5.32,117651,2921,116039,2899,9253,563,9621,555,144356,3493,140185,3457
730,sejong,2024-01,6.05,86.15,6.3,97749,3522,93146,3403,6064,552,5898,547,118063,4101,111110,3869
731,gyeonggi,2024-01,7.09,85.4,5.35,183448,4649,169240,4485,15009,806,10620,767,231384,5558,214777,5332